time_step,pos_x,pos_z,eye_pos_valid,eye_pos_x,eye_pos_y
0,-318.094177,4.425294,1,676.243591,505.284698
0.111572,-318.106476,4.403881,1,678.147522,521.122253
0.103027,-318.106049,4.391487,1,686.487976,505.520203
0.106567,-318.107422,4.381308,1,663.644653,541.24176
0.104126,-318.109375,4.378179,1,833.566162,488.731934
0.103149,-318.110779,4.38261,1,835.523682,476.760895
0.103394,-318.111206,4.390648,1,1196.601562,339.535858
0.10376,-318.11084,4.396052,1,1242.27832,317.01413
0.102661,-318.11026,4.39549,1,1239.932129,254.707489
0.102905,-318.10965,4.390869,1,1236.288818,252.054016
0.109253,-318.109253,4.386488,1,1240.477173,261.844604
0.100586,-318.1091,4.385794,1,1281.786865,233.294327
0.102661,-318.109222,4.387866,1,1279.938477,239.358994
0.101074,-318.109406,4.390309,1,1268.328735,233.67897
0.105591,-318.109711,4.391367,1,1309.852173,228.519043
0.104736,-318.109894,4.390755,1,1319.011353,247.848068
0.103394,-318.109924,4.389591,1,1317.389526,243.902771
0.102905,-318.109863,4.388866,1,1276.782837,345.172058
0.105347,-318.109772,4.388854,1,1277.613159,345.78714
0.103027,-318.109741,4.389263,1,1336.207031,346.544159
0.101807,-318.109711,4.389675,1,1349.264893,364.485443
0.10144,-318.109741,4.389869,1,1343.369507,360.388641
0.11084,-318.109772,4.389822,1,865.206177,574.643799
0.102173,-318.109802,4.389653,1,869.877625,571.845947
0.103027,-318.109833,4.389494,1,863.345032,566.025757
0.101196,-318.109802,4.389432,1,864.046631,564.222839
0.102173,-318.109802,4.389481,1,1253.029175,358.754028
0.105591,-318.109772,4.38958,1,1311.036987,326.269684
0.102173,-318.109772,4.38904,1,1322.948242,321.881897
0.10437,-318.110046,4.382828,1,1355.499756,341.395172
0.102539,-318.111206,4.358859,1,1358.086914,337.985443
0.100098,-318.113739,4.304643,1,1358.086914,337.985443
0.108887,-318.118622,4.200158,1,773.712646,352.280273
0.106079,-318.125397,4.051605,1,826.92749,374.004211
0.10144,-318.133301,3.86566,1,739.924866,319.908356
0.102661,-318.1427,3.634604,1,775.059448,337.942749
0.106079,-318.153595,3.349587,1,833.337036,550.824524
0.105469,-318.165619,3.019145,1,807.631165,547.612244
0.104492,-318.178436,2.646368,1,833.198914,551.623169
0.10022,-318.191284,2.24585,1,857.385193,564.677124
0.107056,-318.205139,1.772257,1,855.3255,557.97998
0.105225,-318.218567,1.260808,1,833.662415,553.377563
0.112183,-318.231995,0.665615,1,823.561157,549.691711
0.106689,-318.243805,0.052394,1,825.685608,542.663208
0.10376,-318.254425,-0.589252,1,825.180847,542.583496
0.105347,-318.264435,-1.286467,1,830.550415,542.082642
0.102539,-318.273163,-2.008195,1,830.66333,537.487366
0.103271,-318.280609,-2.778171,1,776.718506,399.711151
0.102539,-318.286316,-3.586236,1,785.012756,405.870819
0.108398,-318.289948,-4.48837,1,782.359924,389.523529
0.105347,-318.290436,-5.410909,1,788.531616,387.161316
0.10498,-318.287659,-6.376559,1,856.295593,340.342896
0.109375,-318.280701,-7.430749,1,1241.428955,249.799332
0.106201,-318.270325,-8.503545,1,1247.308838,241.994125
0.105591,-318.257111,-9.616485,1,1237.875122,247.945007
0.105591,-318.24115,-10.775242,1,1002.802795,391.417725
0.105835,-318.222565,-11.983461,1,845.5177,486.293304
0.10791,-318.200653,-13.262653,1,919.927917,428.364563
0.108032,-318.17514,-14.591784,1,1268.558472,258.542694
0.11145,-318.144592,-16.012838,1,1264.883911,250.549423
0.111938,-318.109375,-17.49321,1,1274.836182,268.719177
0.108521,-318.072693,-18.978231,1,1295.65625,260.227539
0.107422,-318.036377,-20.496519,1,1055.698364,467.07193
0.105103,-318.00354,-22.027971,1,947.415771,550.450989
0.104492,-317.975342,-23.598436,1,947.899719,555.520142
0.105225,-317.95224,-25.22657,1,885.079041,557.164612
0.10437,-317.93454,-26.890627,1,877.029602,550.022156
0.10437,-317.921326,-28.602613,1,779.628906,430.502899
0.110718,-317.909943,-30.471424,1,782.192627,435.449738
0.109497,-317.898529,-32.371113,1,779.474548,415.842529
0.105347,-317.885498,-34.246342,1,784.951416,389.607819
0.105713,-317.86969,-36.17334,1,783.475952,394.578125
0.104004,-317.852203,-38.111679,1,781.56781,393.011932
0.101562,-317.835388,-40.040382,1,781.965515,387.07019
0.105347,-317.819885,-42.080566,1,785.25238,391.734314
0.102295,-317.808228,-44.098953,1,781.900635,391.181641
0.102173,-317.800385,-46.1534,1,857.194946,553.189331
0.102417,-317.796387,-48.246025,1,866.690369,555.413269
0.102417,-317.795837,-50.376652,1,868.769409,562.164734
0.107788,-317.798431,-52.655083,1,870.240112,548.965881
0.104736,-317.803986,-54.908062,1,868.95636,553.515381
0.101929,-317.812378,-57.131447,1,786.892883,417.518982
0.100464,-317.823914,-59.356647,1,780.519958,410.514038
0.103638,-317.839661,-61.682743,1,844.866211,487.600647
0.100342,-317.858917,-63.968533,1,914.087463,560.69043
0.100464,-317.882324,-66.285431,1,923.483093,554.056091
0.102417,-317.910522,-68.68084,1,921.53717,543.200989
0.105225,-317.944122,-71.171425,1,912.296936,553.35498
0.102417,-317.981293,-73.625359,1,919.155823,550.714111
0.111694,-318.026825,-76.342247,1,907.859253,552.646179
0.102661,-318.072327,-78.886017,1,913.832336,554.204102
0.10376,-318.12088,-81.495972,1,918.395813,548.443848
0.100098,-318.169739,-84.049461,1,791.571777,403.091736
0.101074,-318.220886,-86.66716,1,783.345703,383.289764
0.10022,-318.273163,-89.286224,1,782.614014,378.904694
0.111694,-318.333405,-92.229073,1,780.678589,372.585724
0.110474,-318.39563,-95.167633,1,947.198669,545.122009
0.108398,-318.459198,-98.07341,1,951.71698,544.276245
0.109375,-318.526123,-101.033592,1,965.132629,550.398438
0.109131,-318.59549,-104.008751,1,963.806824,544.356262
0.10083,-318.661987,-106.779137,1,957.794861,550.580078
0.102295,-318.731781,-109.612465,1,967.472595,547.219238
0.104492,-318.809967,-112.525169,1,962.204102,541.945557
0.101196,-318.90506,-115.366531,1,959.709351,548.20929
0.100586,-319.029236,-118.208382,1,962.506653,536.681702
0.10022,-319.188263,-121.057571,1,1290.92334,351.434662
0.109131,-319.403046,-124.178322,1,1306.242065,332.63443
0.108521,-319.654083,-127.301277,1,1297.862305,338.888916
0.106079,-319.926819,-130.372131,1,1298.406128,340.039154
0.108154,-320.225952,-133.519196,1,852.396301,425.624969
0.105103,-320.534729,-136.598495,1,855.631104,409.503479
0.106567,-320.866394,-139.74205,1,843.354736,429.900024
0.107544,-321.221985,-142.925507,1,825.901428,426.287933
0.10498,-321.593994,-146.049973,1,795.208191,416.633728
0.107788,-322.004272,-149.276672,1,800.270752,423.73111
0.10498,-322.432434,-152.429535,1,938.019226,548.685486
0.111206,-322.919403,-155.788696,1,933.961548,558.994812
0.102295,-323.398193,-158.887756,1,932.771423,553.978821
0.105347,-323.927185,-162.093414,1,924.386658,565.130798
0.107666,-324.508209,-165.376846,1,915.495178,553.389893
0.107788,-325.134644,-168.678421,1,905.840881,552.658264
0.107422,-325.804016,-171.977448,1,898.84259,559.301331
0.107056,-326.516144,-175.269592,1,825.328735,572.348328
0.104614,-327.256073,-178.495773,1,813.661865,562.467468
0.106445,-328.050323,-181.781479,1,814.8396,569.894897
0.103882,-328.862244,-184.993179,1,804.414307,565.250732
0.105591,-329.723419,-188.26857,1,788.997498,567.359314
0.11145,-330.667847,-191.734024,1,790.822021,565.302185
0.107788,-331.611664,-195.090759,1,824.137939,558.457642
0.108032,-332.583893,-198.463242,1,831.30542,561.095337
0.105225,-333.551697,-201.759308,1,822.338135,552.595398
0.103638,-334.517548,-205.012695,1,817.554443,555.914368
0.110107,-335.554688,-208.485687,1,816.974243,560.746094
0.11145,-336.611237,-212.010666,1,861.103516,477.914337
0.10083,-337.574768,-215.215179,1,798.073303,581.875854
0.105591,-338.588989,-218.581635,1,799.819397,558.472107
0.102783,-339.576416,-221.87323,1,789.633118,556.035583
0.10144,-340.545532,-225.142792,1,790.061462,562.934082
0.11084,-341.594269,-228.747528,1,789.900085,557.05719
0.107544,-342.59082,-232.264053,1,969.443176,450.687592
0.109741,-343.585663,-235.884644,1,1256.651001,271.413452
0.101562,-344.482819,-239.252808,1,1263.307861,283.464417
0.111328,-345.443054,-242.956329,1,1264.413818,266.031799
0.109863,-346.379822,-246.626556,1,1266.383179,279.747955
0.109863,-347.321289,-250.30455,1,898.793823,511.768311
0.106812,-348.260315,-253.883606,1,826.214233,544.248474
0.109619,-349.262421,-257.552185,1,820.732117,537.899658
0.110352,-350.316956,-261.244202,1,806.518066,542.04541
0.107666,-351.378571,-264.845398,1,806.562317,548.904541
0.111328,-352.471527,-268.579468,1,791.628479,550.826294
0.109619,-353.505951,-272.276978,1,737.811401,599.327576
0.111816,-354.507233,-276.067841,1,765.399658,585.67804
0.112671,-355.47229,-279.910675,1,766.318298,589.134277
0.108765,-356.380402,-283.622223,1,754.946777,577.552368
0.104126,-357.258057,-287.16098,1,763.256409,565.076599
0.101196,-358.145477,-290.564789,1,753.578918,559.237549
0.107178,-359.136841,-294.133118,1,738.461548,558.289246
0.108887,-360.187103,-297.717529,1,1097.329834,361.111053
0.108276,-361.239319,-301.235687,1,1256.423706,248.69278
0.107788,-362.24469,-304.677582,1,1272.542969,231.474106
0.109619,-363.186493,-308.108185,1,1281.533569,236.865738
0.113037,-364.060303,-311.590057,1,749.724609,530.028198
0.100708,-364.751282,-314.652893,1,736.828308,523.396667
0.111694,-365.420471,-317.991302,1,749.100159,532.395935
0.109985,-365.986084,-321.201538,1,750.829895,527.267517
0.109985,-366.466705,-324.323944,1,761.459656,523.656555
0.102051,-366.841034,-327.140869,1,770.806335,530.864929
0.100342,-367.14566,-329.829803,1,782.049683,529.8078
0.100952,-367.39389,-332.449921,1,797.612,529.031616
0.114258,-367.613403,-335.298248,1,810.013062,511.369965
0.11084,-367.779907,-337.939117,1,816.466858,510.297882
0.109741,-367.912964,-340.432739,1,584.40863,149.90274
0.11084,-368.024078,-342.825958,1,584.40863,149.90274
0.105469,-368.112762,-344.99118,1,584.40863,149.90274
0.101074,-368.183594,-346.958099,1,584.40863,149.90274
0.107422,-368.24411,-348.940308,1,852.66156,459.854584
0.101807,-368.287079,-350.713745,1,866.860413,524.768066
0.101807,-368.316833,-352.390411,1,856.933838,498.656097
0.112061,-368.336639,-354.118439,1,853.628357,511.879395
0.11084,-368.346344,-355.704956,1,832.059631,493.358032
0.105469,-368.349518,-357.102692,1,826.197144,477.415405
0.103394,-368.349304,-358.36853,1,788.6828,326.12616
0.112549,-368.346191,-359.643829,1,781.740906,320.389771
0.111084,-368.341705,-360.810822,1,1268.847412,249.091507
0.11145,-368.335876,-361.894653,1,1254.640015,238.14679
0.111328,-368.328827,-362.894592,1,1267.862183,235.101532
0.108765,-368.320953,-363.791107,1,1257.177368,236.430954
0.111816,-368.312347,-364.631012,1,1259.434937,232.964005
0.112671,-368.303375,-365.391602,1,1259.72876,229.759598
0.111206,-368.294952,-366.052185,1,1268.162964,223.592987
0.100708,-368.287994,-366.559875,1,832.843506,388.393311
0.111816,-368.281219,-367.019043,1,751.615906,424.25943
0.112061,-368.275879,-367.367584,1,1261.518311,218.238602
0.11145,-368.272064,-367.60965,1,1254.438232,210.157394
0.110229,-368.269623,-367.756622,1,1258.453003,210.514816
0.109985,-368.268616,-367.818085,1,1250.682861,205.776764
0.111816,-368.268585,-367.819824,1,880.431335,300.59079
0.112549,-368.268829,-367.810181,1,784.378418,356.008759
0.111816,-368.269012,-367.803558,1,771.932312,356.058685
0.111084,-368.269043,-367.803467,1,489.763428,473.483887
0.111084,-368.268982,-367.806763,1,354.183868,525.512939
0.101929,-368.268951,-367.809296,1,365.317108,528.905701
0.111084,-368.268951,-367.811737,1,368.981293,530.56543
0.106812,-368.268829,-367.815582,1,376.649017,533.881653
0.110229,-368.268677,-367.822235,1,393.303253,532.649963
0.112427,-368.268494,-367.832123,1,576.74762,530.385498
0.10022,-368.268341,-367.843628,1,584.504517,536.689148
0.113037,-368.268066,-367.868011,1,622.81366,518.953735
0.102051,-368.267395,-367.927887,1,663.601807,513.354248
0.110107,-368.265839,-368.042084,1,659.84198,519.142029
0.112793,-368.263458,-368.210938,1,574.324402,522.684143
0.102417,-368.260681,-368.409668,1,539.603333,520.636475
0.100586,-368.257385,-368.646729,1,541.269531,532.657776
0.112671,-368.25354,-368.962402,1,582.38147,531.744263
0.112915,-368.249908,-369.331635,1,638.193359,543.529419
0.11438,-368.246613,-369.75946,1,868.169189,532.21167
0.108887,-368.243988,-370.216949,1,1199.577881,538.593872
0.100952,-368.242096,-370.684814,1,1169.070923,537.587952
0.110352,-368.240936,-371.243744,1,634.754211,513.024597
0.106323,-368.240997,-371.829468,1,648.469666,515.622559
0.113159,-368.242706,-372.503632,1,647.902405,515.229736
0.100464,-368.246094,-373.145325,1,655.859802,511.78125
0.112549,-368.25238,-373.914368,1,666.240295,504.17099
0.101074,-368.260925,-374.649658,1,686.572266,512.475403
0.111572,-368.273865,-375.509247,1,658.856384,476.973816
0.100098,-368.287201,-376.324097,1,641.329102,476.903198
0.101562,-368.305664,-377.192963,1,738.292297,486.583282
0.102539,-368.332703,-378.111633,1,805.675842,494.115173
0.112915,-368.372681,-379.176788,1,784.386597,489.888306
0.110596,-368.417694,-380.272064,1,751.521423,510.839111
0.112305,-368.457947,-381.436127,1,703.922363,504.205597
0.111572,-368.474304,-382.643219,1,667.320923,493.064758
0.103027,-368.445312,-383.791077,1,664.424255,494.066101
0.100098,-368.355865,-384.920013,1,612.688599,474.899567
0.102295,-368.182831,-386.066193,1,611.5,468.181641
0.110962,-367.886841,-387.287048,1,605.360107,466.745422
0.111816,-367.466522,-388.477417,1,634.912292,456.608429
0.112427,-366.92334,-389.619843,1,682.829346,476.303406
0.115234,-366.249664,-390.719421,1,692.160339,464.388184
0.101929,-365.562836,-391.624878,1,725.86322,463.494598
0.112915,-364.711761,-392.542908,1,711.531616,467.907501
0.113159,-363.772003,-393.366302,1,714.217285,467.719879
0.113037,-362.755096,-394.082764,1,757.004028,452.351105
0.108276,-361.716797,-394.661407,1,739.728638,447.800751
0.103882,-360.671997,-395.112579,1,768.902405,433.538849
0.111572,-359.502411,-395.486267,1,815.589539,439.871368
0.113037,-358.266266,-395.761627,1,859.845642,444.293732
0.110718,-357.009949,-395.965546,1,897.439026,469.886383
0.109985,-355.719879,-396.15387,1,937.147339,480.821198
0.110474,-354.38092,-396.372437,1,949.847595,459.569885
0.109253,-353.024994,-396.635986,1,1035.467041,467.730591
0.11145,-351.612335,-396.956024,1,1038.170166,483.09259
0.112305,-350.153351,-397.320099,1,1030.107178,491.068481
0.1073,-348.713501,-397.690979,1,1027.182129,499.244141
0.111572,-347.169464,-398.086517,1,1023.970825,490.3927
0.107788,-345.629517,-398.475464,1,1034.208374,482.787933
0.108887,-344.026642,-398.879822,1,913.636536,394.612183
0.109619,-342.361389,-399.307465,1,1071.734131,359.487457
0.108643,-340.665253,-399.755096,1,1233.40918,334.531189
0.111816,-338.869049,-400.242218,1,1149.19812,410.601807
0.109253,-337.061737,-400.739624,1,1027.073364,504.505341
0.11084,-335.177185,-401.250946,1,1033.774536,503.583893
0.112305,-333.21701,-401.764374,1,1043.346924,497.711426
0.106445,-331.31192,-402.248322,1,1054.924194,503.545654
0.111938,-329.262115,-402.765045,1,1070.533203,543.613159
0.10083,-327.380524,-403.250885,1,1077.116211,550.42749
0.109253,-325.312378,-403.809143,1,1078.092285,550.169189
0.111694,-323.164551,-404.421143,1,1098.161621,543.350525
0.11145,-320.991882,-405.073822,1,1105.633301,538.780457
0.11084,-318.80368,-405.761261,1,1120.483398,562.905273
0.111938,-316.568329,-406.490906,1,1120.483398,562.905273
0.113159,-314.288391,-407.26709,1,1070.105469,538.964539
0.102661,-312.201263,-408.011658,1,1056.500488,531.357361
0.113037,-309.8862,-408.879059,1,1040.72229,519.960693
0.112915,-307.563477,-409.796906,1,1051.772705,517.206299
0.109253,-305.305878,-410.734009,1,1045.836548,527.075684
0.110718,-303.0065,-411.731842,1,1007.13855,522.013489
0.109619,-300.725769,-412.766632,1,984.250549,535.896057
0.109253,-298.446075,-413.854095,1,975.74939,532.95929
0.111694,-296.119476,-415.02597,1,980.076599,542.440918
0.109131,-293.8479,-416.237366,1,1013.121765,561.377319
0.112793,-291.511292,-417.557281,1,982.334839,547.251282
0.111694,-289.207306,-418.928406,1,973.195618,551.194336
0.111084,-286.909271,-420.348541,1,965.839233,551.533752
0.112671,-284.558228,-421.831512,1,958.823425,541.924438
0.111206,-282.204559,-423.314301,1,949.267883,541.285095
0.113525,-279.76001,-424.82663,1,940.721985,531.100525
0.108154,-277.395508,-426.267975,1,960.220215,561.821045
0.112183,-274.935547,-427.775299,1,963.645874,547.386719
0.111206,-272.497528,-429.305511,1,1000.075195,548.268921
0.110352,-270.091827,-430.870758,1,991.563843,553.611572
0.113037,-267.641541,-432.5289,1,978.822266,540.483582
0.113525,-265.192963,-434.241333,1,974.698181,536.095215
0.113647,-262.739777,-435.980927,1,955.251892,529.113831
0.109253,-260.360931,-437.655029,1,936.002197,537.085632
0.113892,-257.854401,-439.382355,1,940.634094,538.152039
0.112915,-255.342499,-441.083038,1,956.707275,540.132996
0.10083,-253.092239,-442.611389,1,991.888,558.229675
0.112183,-250.58989,-444.347351,1,989.282654,552.484802
0.110352,-248.146103,-446.099579,1,981.326782,537.185913
0.100586,-245.932144,-447.740234,1,960.77301,522.784424
0.113403,-243.450882,-449.625122,1,976.777283,526.842102
0.102295,-241.214005,-451.347626,1,975.295471,532.177979
0.101685,-238.986191,-453.074646,1,977.649048,529.253296
0.112305,-236.519608,-455.001129,1,974.000122,531.73114
0.112793,-234.044617,-456.958801,1,978.569397,539.84552
0.110229,-231.634949,-458.901245,1,799.0271,405.454437
0.110962,-229.222122,-460.893768,1,797.220154,406.356476
0.113403,-226.771988,-462.969879,1,1017.739136,546.772217
0.114868,-224.305878,-465.111664,1,1007.505859,527.472168
0.103638,-222.09436,-467.077057,1,1009.027222,545.816223
0.100098,-219.972626,-469.005615,1,989.516602,531.508972
0.101807,-217.831299,-470.999084,1,1002.792969,533.38208
0.113037,-215.475784,-473.254181,1,996.814758,541.179199
0.100708,-213.402802,-475.300476,1,990.172363,545.467346
0.113525,-211.090515,-477.656982,1,1001.889832,546.297119
0.100708,-209.065796,-479.785492,1,1024.680298,552.148254
0.101562,-207.048111,-481.966705,1,1009.79718,545.646484
0.106445,-204.959549,-484.285004,1,1013.435181,543.345398
0.105591,-202.9077,-486.621857,1,999.667419,539.524719
0.100464,-200.978302,-488.870728,1,940.36322,552.396301
0.112061,-198.843262,-491.412537,1,930.447449,552.217346
0.109131,-196.782684,-493.916321,1,932.62262,547.869995
0.113892,-194.653,-496.554932,1,984.476624,547.682373
0.114868,-192.543686,-499.221039,1,985.819946,545.058228
0.10022,-190.736206,-501.550568,1,988.415649,526.772766
0.101562,-188.93927,-503.916199,1,1258.665527,237.34407
0.113281,-186.987473,-506.557495,1,1272.502075,221.074249
0.108765,-185.18222,-509.078644,1,1271.860352,255.56604
0.101318,-183.585114,-511.380341,1,1279.865601,266.693634
0.111938,-181.916122,-513.861511,1,1276.40564,253.740189
0.105591,-180.434357,-516.127869,1,1021.697205,539.013489
0.108887,-178.992325,-518.385315,1,1005.444702,546.630981
0.104614,-177.677475,-520.480896,1,1014.852722,538.377625
0.1073,-176.396851,-522.551086,1,999.000122,558.714111
0.104004,-175.200974,-524.508667,1,985.850525,557.119995
0.101929,-174.048111,-526.418396,1,984.659973,556.569702
0.109741,-172.823807,-528.474365,1,984.234497,559.519958
0.111328,-171.60022,-530.561523,1,979.234802,548.4021
0.111206,-170.396774,-532.645203,1,980.016663,540.289124
0.11084,-169.214355,-534.715576,1,977.809326,532.109436
0.110962,-168.037918,-536.792664,1,1015.54718,558.506226
0.11084,-166.871841,-538.872498,1,1018.329529,547.771484
0.107788,-165.750107,-540.900818,1,988.026123,548.525757
0.110962,-164.609436,-543.000427,1,957.369995,564.363831
0.112061,-163.477448,-545.128296,1,957.369995,564.363831
0.108521,-162.404221,-547.191528,1,957.369995,564.363831
0.10144,-161.42337,-549.117432,1,957.369995,564.363831
0.109619,-160.385574,-551.196533,0,0,0
0.105103,-159.411194,-553.187012,0,0,0
0.111572,-158.397934,-555.296265,0,0,0
0.108276,-157.435852,-557.338379,0,0,0
0.109863,-156.479233,-559.409546,0,0,0
0.105347,-155.582962,-561.390137,0,0,0
0.109863,-154.668457,-563.454224,0,0,0
0.107544,-153.796509,-565.470642,1,1310.792358,549.223083
0.111572,-152.919174,-567.560059,1,1041.782715,466.475067
0.102905,-152.13504,-569.486877,1,1060.97168,474.467163
0.108276,-151.335678,-571.513855,1,984.854553,498.812286
0.105713,-150.580215,-573.490356,1,981.894836,508.519592
0.109375,-149.823151,-575.531067,1,972.25647,489.881805
0.108521,-149.094894,-577.554565,1,920.662109,501.597626
0.105957,-148.408478,-579.52533,1,889.694885,513.482544
0.106812,-147.741562,-581.510681,1,943.966919,513.16095
0.109985,-147.083694,-583.551697,1,1000.88562,548.752991
0.109009,-146.458984,-585.572327,1,1000.411743,550.46814
0.11084,-145.849289,-587.624634,1,1078.958252,506.401642
0.109985,-145.267227,-589.656433,1,1264.814697,319.200195
0.109009,-144.709671,-591.667236,1,1267.19873,333.56488
0.100586,-144.210571,-593.520569,1,1108.981079,308.229706
0.109863,-143.681122,-595.545654,1,985.796509,553.268982
0.101074,-143.208435,-597.41156,1,973.88269,554.292297
0.108765,-142.717041,-599.418335,1,974.214417,526.638855
0.101074,-142.275299,-601.288086,1,980.809143,548.862976
0.111572,-141.805481,-603.353699,1,986.938049,555.579712
0.110474,-141.358368,-605.402344,1,987.63855,554.103638
0.109009,-140.934677,-607.425232,1,978.516846,564.997437
0.108398,-140.52977,-609.441589,1,984.978516,579.334412
0.109497,-140.138,-611.479675,1,970.427673,578.46759
0.110962,-139.759872,-613.547241,1,967.978577,573.011719
0.105347,-139.418747,-615.514221,1,970.291382,565.55011
0.107178,-139.090469,-617.517883,1,956.100525,570.602112
0.108765,-138.776825,-619.554993,1,950.578979,197.338684
0.112183,-138.47374,-621.656494,1,946.124756,531.466125
0.101074,-138.214661,-623.554077,1,935.611755,578.588318
0.10022,-137.967697,-625.437561,1,913.898621,557.133911
0.101685,-137.725449,-627.347961,1,918.882568,570.718994
0.112915,-137.467072,-629.471191,1,931.051697,571.17627
0.111206,-137.228012,-631.565552,1,924.074341,560.364319
0.100586,-137.028534,-633.459961,1,914.444458,571.696472
0.101929,-136.844772,-635.382874,1,1221.746582,284.29306
0.102417,-136.679474,-637.317505,1,1239.543091,281.976227
0.101074,-136.534653,-639.223389,1,1299.11438,277.10907
0.101196,-136.406403,-641.123535,1,1303.394409,241.689346
0.112793,-136.281235,-643.230164,1,1298.863403,257.614075
0.104126,-136.180618,-645.171692,1,924.940002,535.719177
0.105225,-136.093048,-647.13916,1,917.081848,538.149414
0.101562,-136.021851,-649.066345,1,911.092102,519.084778
0.105957,-135.962494,-651.112488,1,873.845886,540.691345
0.101196,-135.920044,-653.099548,1,864.48761,540.80542
0.102783,-135.886017,-655.147766,1,865.523987,531.492554
0.10144,-135.848145,-657.200989,1,855.259277,543.580688
0.104004,-135.792877,-659.335693,1,860.059021,542.133972
0.103638,-135.715317,-661.492798,1,871.838684,538.102905
0.112427,-135.607773,-663.865784,1,882.691711,541.174072
0.11084,-135.486954,-666.240234,1,880.816956,516.175354
0.100342,-135.373825,-668.415466,1,873.470886,533.907104
0.109131,-135.253387,-670.815491,1,877.734192,530.785583
0.103149,-135.146255,-673.114075,1,880.125793,527.959656
0.107666,-135.046814,-675.542419,1,871.025146,520.655579
0.110962,-134.960739,-678.07605,1,867.344299,522.564819
0.10144,-134.897461,-680.423645,1,889.157837,532.76178
0.113159,-134.845276,-683.072449,1,893.580139,522.636292
0.102661,-134.81517,-685.503967,1,891.70343,516.727478
0.102051,-134.801865,-687.946411,1,889.50946,519.401062
0.100708,-134.805481,-690.382446,1,856.631775,528.970642
0.100464,-134.826248,-692.835144,1,858.910461,528.441772
0.117676,-134.874634,-695.737732,1,848.804932,532.519836
0.100464,-134.939667,-698.245056,1,839.84436,529.796753
0.110107,-135.038086,-701.01532,1,779.760437,410.472992
0.108154,-135.163925,-703.766296,1,778.662903,393.691986
0.108154,-135.3181,-706.537842,1,774.508057,399.430695
0.106567,-135.497314,-709.294922,1,782.69043,459.651062
0.110596,-135.707382,-712.177307,1,793.305603,541.71814
0.105347,-135.92746,-714.949829,1,791.602844,553.258057
0.109253,-136.174362,-717.849731,1,775.754333,557.43634
0.105225,-136.425659,-720.662292,1,767.606812,550.242981
0.110229,-136.682968,-723.634827,1,772.947632,551.879395
0.106812,-136.905838,-726.542664,1,768.548584,546.025391
0.110596,-137.09613,-729.578369,1,780.734192,549.860413
0.105225,-137.23349,-732.491943,1,794.685242,537.104919
0.112427,-137.337051,-735.633179,1,803.536804,527.575623
0.104858,-137.401688,-738.581848,1,823.352722,509.275665
0.105957,-137.443695,-741.58667,1,828.976379,513.622253
0.105957,-137.466171,-744.610413,1,834.647339,506.165527
0.102417,-137.469177,-747.554443,1,836.111694,499.108948
0.103516,-137.450562,-750.549072,1,820.617615,528.42865
0.105103,-137.405624,-753.607483,1,813.294189,539.740967
0.107544,-137.329651,-756.757019,1,810.386108,551.281494
0.105225,-137.225677,-759.859131,1,819.06488,541.62677
0.107544,-137.096283,-763.046875,1,864.053223,377.350128
0.102661,-136.961884,-766.107666,1,844.378662,570.278809
0.104736,-136.821838,-769.250061,1,842.483765,560.733337
0.105347,-136.682587,-772.42865,1,847.663086,554.450195
0.103271,-136.548569,-775.561096,1,840.737488,562.269653
0.104492,-136.413422,-778.747803,1,828.318237,561.455811
0.104492,-136.275803,-781.951599,1,829.979675,583.912292
0.106201,-136.131058,-785.224243,1,816.138123,574.99115
0.106323,-135.981583,-788.520691,1,820.070312,572.027649
0.109009,-135.834061,-791.914001,1,821.749268,576.429749
0.106934,-135.710052,-795.263367,1,801.817078,570.496826
0.114502,-135.610199,-798.872498,1,810.985962,574.834473
0.107788,-135.551727,-802.282288,1,793.952332,566.655884
0.109497,-135.520615,-805.766968,1,788.231873,570.207214
0.108887,-135.493744,-809.244934,1,785.116089,559.132385
0.110596,-135.446716,-812.79657,1,794.917175,563.485962
0.107544,-135.375473,-816.266785,1,812.140198,556.219849
0.108276,-135.284622,-819.771423,1,821.810303,552.685669
0.100098,-135.196701,-823.02887,1,872.861389,505.482544
0.109863,-135.114136,-826.607788,1,1247.849854,249.014023
0.103882,-135.061462,-829.973633,1,1270.437988,250.608994
0.104858,-135.03685,-833.346863,1,1265.035889,224.522491
0.10083,-135.03479,-836.565552,1,1297.794556,233.830551
0.117065,-135.042236,-840.278992,1,1297.794556,233.830551
0.115967,-135.028809,-843.933105,1,1297.794556,233.830551
0.115845,-134.973236,-847.518799,1,1297.794556,233.830551
0.10022,-134.888504,-850.529602,1,1297.794556,233.830551
0.101074,-134.771729,-853.463196,1,999.62439,134.919098
0.115723,-134.607391,-856.695496,1,1077.053711,461.817261
0.117554,-134.418015,-859.842957,1,1077.439331,442.090302
0.117798,-134.21344,-862.867432,1,845.152161,531.674255
0.114014,-134.005386,-865.667969,1,847.944092,541.405273
0.10144,-133.81279,-868.058533,1,845.479431,535.146606
0.116455,-133.584,-870.675049,1,825.596619,473.532898
0.10022,-133.380997,-872.816223,1,780.362732,371.820007
0.115967,-133.141541,-875.162354,1,780.114563,370.343201
0.115967,-132.900009,-877.371094,1,781.463013,354.757507
0.107788,-132.677597,-879.301636,1,738.003784,544.100647
0.109497,-132.457855,-881.139771,1,740.816833,546.663757
0.100708,-132.264481,-882.720154,1,743.759949,533.191956
0.116455,-132.057816,-884.420776,1,737.763672,529.574829
0.116089,-131.876007,-885.981506,1,726.710327,540.909851
0.115356,-131.719391,-887.405945,1,716.737,531.931702
0.101929,-131.600128,-888.564331,1,710.061096,530.744568
0.116943,-131.482513,-889.787659,1,707.53363,520.648987
0.116211,-131.378067,-890.944153,1,697.601868,524.588135
0.101318,-131.291321,-891.946655,1,686.638184,529.022156
0.114258,-131.197693,-893.069031,1,671.276306,530.778442
0.115479,-131.108414,-894.182861,1,665.580444,526.110657
0.101318,-131.035583,-895.134094,1,657.139282,520.259766
0.102783,-130.967422,-896.07074,1,639.708069,527.881653
0.110107,-130.900513,-897.04895,1,571.647034,517.518616
0.108521,-130.838547,-898.01947,1,433.21347,526.184753
0.113892,-130.776428,-899.062134,1,418.101776,518.991821
0.105225,-130.722092,-900.039795,1,470.692841,519.665405
0.110229,-130.667938,-901.08606,1,456.274933,505.601868
0.103516,-130.620285,-902.080872,1,477.671967,515.182312
0.11499,-130.571228,-903.19989,1,487.795288,515.392883
0.112549,-130.527252,-904.318542,1,473.461304,508.526459
0.107422,-130.488876,-905.418335,1,465.203247,503.742554
0.112183,-130.453018,-906.600769,1,444.563171,495.815033
0.11377,-130.42099,-907.836609,1,543.37439,499.222992
0.113403,-130.388031,-909.106201,1,532.140442,487.66394
0.11377,-130.339874,-910.420837,1,520.569153,480.87735
0.110718,-130.26236,-911.736328,1,579.483215,464.757874
0.116455,-130.120193,-913.153992,1,690.602905,460.892944
0.11853,-129.884705,-914.614807,1,679.455566,485.049744
0.115723,-129.547623,-916.037415,1,687.413269,460.061981
0.111694,-129.113266,-917.383972,1,724.885864,470.130524
0.112915,-128.560959,-918.704285,1,719.052185,459.441772
0.10791,-127.927979,-919.916199,1,660.327209,475.205658
0.108887,-127.188095,-921.082581,1,677.287659,473.622253
0.106567,-126.372604,-922.159607,1,699.327148,478.270264
0.108887,-125.448425,-923.188843,1,718.640076,469.204834
0.108521,-124.444862,-924.134949,1,742.599976,455.604126
0.114868,-123.302177,-925.038208,1,764.681885,454.062866
0.111206,-122.125252,-925.809692,1,727.01062,455.80072
0.117065,-120.823402,-926.503052,1,725.485352,466.212646
0.113403,-119.511253,-927.051941,1,677.356018,447.208252
0.113281,-118.157623,-927.478149,1,700.905396,450.118195
0.120605,-116.683907,-927.794189,1,740.039429,443.877808
0.112549,-115.28756,-927.960449,1,730.919556,479.400024
0.111572,-113.892502,-928.001526,1,723.880432,488.827881
0.111694,-112.494759,-927.921509,1,764.811951,480.637329
0.109009,-111.130371,-927.729858,1,802.709656,458.98172
0.115356,-109.679108,-927.422058,1,885.959351,481.179871
0.114014,-108.220642,-927.059631,1,858.527222,378.684082
0.11438,-106.708244,-926.688904,1,844.615845,335.057709
0.111572,-105.176964,-926.3526,1,798.341248,327.202576
0.112183,-103.592117,-926.055298,1,898.652344,456.349152
0.112549,-101.954262,-925.790894,1,884.028381,443.515503
0.110229,-100.296356,-925.547241,1,884.848022,457.015411
0.107666,-98.626068,-925.309753,1,900.186096,486.127899
0.113525,-96.80925,-925.051575,1,920.316895,504.93161
0.108154,-95.025375,-924.799927,1,887.177795,507.846558
0.110229,-93.153152,-924.545959,1,876.919373,522.94812
0.109863,-91.233833,-924.306213,1,860.558105,523.453247
0.108643,-89.291626,-924.091858,1,909.464478,534.435181
0.110352,-87.278587,-923.901978,1,906.253723,541.008484
0.11084,-85.220848,-923.740784,1,893.703247,542.322021
0.108398,-83.174904,-923.61261,1,883.557861,542.38324
0.111084,-81.042809,-923.510986,1,879.119873,552.101501
0.108887,-78.913506,-923.442322,1,856.645386,559.164856
0.112793,-76.677422,-923.405029,1,851.004211,552.666626
0.106934,-74.522484,-923.401855,1,818.30835,561.043213
0.111328,-72.25029,-923.428772,1,810.38446,565.024414
0.10498,-70.078094,-923.481018,1,795.963562,551.178711
0.111328,-67.741592,-923.562744,1,785.763123,561.511719
0.111084,-65.387619,-923.666138,1,791.642334,547.60614
0.108887,-63.047062,-923.783325,1,762.356079,559.168762
0.109619,-60.662197,-923.913086,1,794.461914,499.411346
0.105713,-58.331928,-924.033264,1,918.968079,465.300964
0.110107,-55.878624,-924.133606,1,800.999329,555.192566
0.106934,-53.465462,-924.201721,1,799.144104,543.553162
0.106934,-51.02467,-924.246704,1,807.917542,540.479187
0.107422,-48.551064,-924.283081,1,819.391479,524.670044
0.106201,-46.076588,-924.333313,1,819.573181,535.694214
0.109375,-43.500412,-924.411316,1,810.056091,524.786987
0.107666,-40.943352,-924.511597,1,803.119263,553.451477
0.108398,-38.347916,-924.62146,1,803.82666,554.170837
0.103516,-35.831501,-924.720459,1,769.929443,430.588898
0.11084,-33.100014,-924.804688,1,784.671143,413.472382
0.10376,-30.505537,-924.85675,1,798.714233,416.46582
0.106689,-27.804831,-924.883667,1,796.484009,429.769653
0.107422,-25.057518,-924.887695,1,905.833801,199.218109
0.108887,-22.247898,-924.874146,1,828.606567,570.042969
0.108643,-19.43087,-924.845703,1,831.163208,560.900879
0.104248,-16.710398,-924.80658,1,833.716125,563.33374
0.108887,-13.850919,-924.759033,1,838.102478,536.906067
0.107666,-11.01058,-924.709351,1,821.300476,538.795593
0.110107,-8.086702,-924.658569,1,843.619629,557.630493
0.10791,-5.204531,-924.610107,1,827.634521,559.454468
0.111084,-2.217412,-924.561951,1,818.545227,560.7099
0.114014,0.856992,-924.513,1,834.319092,543.04303
0.104004,3.685516,-924.465698,1,822.084534,541.985901
0.106689,6.592533,-924.414185,1,847.50238,563.103149
0.108154,9.563187,-924.359131,1,843.297058,554.12323
0.11084,12.618917,-924.303284,1,844.488464,548.34491
0.108643,15.628443,-924.255615,1,853.684143,547.537048
0.108643,18.655233,-924.222717,1,821.418579,468.927002
0.105713,21.615061,-924.210999,1,812.071106,409.816101
0.102051,24.482176,-924.221436,1,798.463379,403.405457
0.105713,27.471678,-924.25531,1,821.004822,376.494354
0.10791,30.528528,-924.310608,1,1207.930542,344.321289
0.102295,33.444511,-924.376404,1,1219.439941,338.6091
0.102539,36.381489,-924.450256,1,1159.086914,389.616821
0.108154,39.486107,-924.534058,1,837.776367,529.681824
0.104004,42.48959,-924.620728,1,843.760803,528.514893
0.112305,45.74527,-924.722961,1,839.416504,527.207031
0.104492,48.774597,-924.827942,1,799.198425,573.789673
0.102539,51.729755,-924.940796,1,1158.455933,317.487061
0.100342,54.603294,-925.058167,1,1309.80481,265.316193
0.104248,57.575653,-925.180359,1,1299.487793,253.081787
0.106934,60.596119,-925.295898,1,1307.385742,261.77951
0.104004,63.518703,-925.395142,1,1216.53479,286.187805
0.111328,66.605957,-925.48645,1,793.011292,480.46167
0.104248,69.426476,-925.559326,1,789.874207,490.022064
0.108643,72.257462,-925.625427,1,1014.15509,331.968323
0.105469,74.906464,-925.683655,1,1119.407471,284.534576
0.103271,77.397858,-925.736206,1,1123.016479,280.313416
0.102051,79.759529,-925.783997,1,1068.244995,346.011993
0.109863,82.208984,-925.831238,1,772.075928,562.151794
0.104004,84.443001,-925.871338,1,764.355835,568.8078
0.101562,86.556007,-925.90625,1,762.712463,567.028992
0.100586,88.597794,-925.937012,1,765.886414,572.368103
0.112305,90.818253,-925.967407,1,753.619934,567.540649
0.102539,92.793106,-925.99176,1,706.567078,553.958618
0.102783,94.726738,-926.012634,1,354.543549,555.68042
0.111084,96.766945,-926.031372,1,339.331512,561.711182
0.104492,98.656898,-926.045227,1,319.189941,557.362366
0.109131,100.611855,-926.055908,1,678.798462,570.104187
0.102539,102.429047,-926.062805,1,672.758606,560.156189
0.101562,104.215309,-926.066589,1,710.855286,554.690125
0.100586,105.966492,-926.06781,1,698.923401,549.833191
0.100098,107.688896,-926.066589,1,698.147095,559.731201
0.101807,109.422005,-926.062805,1,689.364746,545.946045
0.103516,111.178604,-926.056519,1,676.008606,546.976685
0.108154,112.998772,-926.047241,1,662.59906,550.764771
0.102783,114.721191,-926.035828,1,637.228271,548.839233
0.101074,116.406029,-926.022217,1,631.415649,555.684265
0.102539,118.106979,-926.00592,1,474.712158,545.236572
0.104492,119.827484,-925.986694,1,455.185211,535.189697
0.102295,121.502167,-925.965454,1,464.849335,537.800781
0.101074,123.143303,-925.941162,1,469.939331,522.526123
0.102783,124.809547,-925.908386,1,452.379913,530.419617
0.110352,126.583168,-925.853394,1,470.771606,517.519043
0.110596,128.34758,-925.763,1,424.097565,515.38147
0.112549,130.126205,-925.598877,1,409.978607,509.361786
0.109619,131.833649,-925.33551,1,387.798798,503.950836
0.109863,133.507629,-924.944092,1,401.550537,498.035065
0.108398,135.105881,-924.430603,1,457.904816,484.068054
0.107422,136.627518,-923.803345,1,484.877472,491.105225
0.111816,138.135666,-923.04248,1,539.703918,482.713898
0.119141,139.646317,-922.125732,1,672.407166,488.749512
0.115723,141.010483,-921.142883,1,721.316772,486.933014
0.11792,142.29245,-920.053345,1,781.892456,471.707916
0.111084,143.389008,-918.955627,1,696.586914,458.907501
0.109863,144.360458,-917.811035,1,710.064087,448.886658
0.109619,145.214874,-916.62085,1,748.855469,428.39566
0.104248,145.916794,-915.457947,1,753.961792,433.189667
0.102051,146.500671,-914.301941,1,733.276489,449.65387
0.110596,147.020004,-913.044434,1,758.248535,441.521912
0.109863,147.422821,-911.797913,1,795.592163,442.951111
0.105469,147.705704,-910.619507,1,735.022644,479.634979
0.103516,147.885818,-909.480469,1,778.117371,474.526306
0.107666,147.96846,-908.320557,1,815.252625,471.904297
0.104004,147.946548,-907.223328,1,789.152771,496.72641
0.105713,147.819366,-906.138489,1,821.328857,494.549713
0.111084,147.567871,-905.032654,1,895.684509,504.597321
0.115234,147.179733,-903.927307,1,953.565186,482.368622
0.108398,146.710449,-902.923828,1,919.502441,446.743439
0.107178,146.184219,-901.939514,1,942.622864,448.759491
0.115723,145.605484,-900.86554,1,915.504272,470.814453
0.109619,145.102493,-899.817383,1,930.306091,469.550812
0.106445,144.660461,-898.764404,1,1097.979492,476.024628
0.108154,144.252151,-897.65802,1,1087.423096,471.694153
0.103027,143.877258,-896.575684,1,1101.921021,458.063721
0.109375,143.4888,-895.41217,1,1119.189209,485.740082
0.106201,143.117783,-894.265198,1,1119.87561,503.123077
0.10791,142.750717,-893.06189,1,1110.633789,497.475311
0.106934,142.421661,-891.826965,1,1119.143677,501.778015
0.103516,142.146881,-890.587952,1,1126.659302,490.779083
0.108887,141.893997,-889.239624,1,1141.368896,492.59613
0.105225,141.655197,-887.879578,1,1161.151001,488.990479
0.102783,141.459885,-886.496948,1,1179.549072,480.772461
0.116211,141.27005,-884.898682,1,1194.75415,461.313995
0.102051,141.166336,-883.452271,1,1111.937134,483.048737
0.10791,141.119308,-881.895508,1,1050.870728,483.686218
0.102539,141.124146,-880.395813,1,1049.548462,493.403595
0.107666,141.171768,-878.781494,1,1031.581177,492.9245
0.108643,141.260117,-877.108459,1,1007.508545,493.47876
0.109863,141.394669,-875.375183,1,934.195923,505.835938
0.109619,141.582169,-873.604309,1,890.524231,480.870209
0.114258,141.831863,-871.728821,1,909.470032,497.662872
0.111084,142.133224,-869.882446,1,896.84552,496.397278
0.108887,142.476761,-868.050171,1,894.348389,490.352692
0.112061,142.853622,-866.123169,1,881.997742,483.239868
0.115234,143.222458,-864.115967,1,815.965576,514.026978
0.113037,143.55278,-862.127258,1,803.479797,519.711853
0.113525,143.852356,-860.116882,1,798.990112,520.619324
0.113281,144.125565,-858.111084,1,802.861877,522.5625
0.121094,144.408813,-855.976135,1,784.235168,520.394653
0.117676,144.688309,-853.912598,1,778.661438,555.456299
0.100342,144.92218,-852.173889,1,775.366577,550.033447
0.119141,145.175751,-850.126404,1,805.098755,580.385498
0.116943,145.391296,-848.121399,1,828.833679,504.065613
0.115234,145.576279,-846.150879,1,804.502869,553.639832
0.117188,145.750763,-844.15564,1,805.001465,535.093689
0.116455,145.923721,-842.18689,1,800.58429,528.392212
0.114746,146.098465,-840.264954,1,795.473083,541.352051
0.111816,146.270248,-838.404358,1,1160.502319,352.5177
0.114014,146.440353,-836.51947,1,1269.610107,276.725037
0.115234,146.600174,-834.622864,1,1266.953247,262.463501
0.116211,146.744995,-832.716675,1,1272.115967,261.378479
0.118652,146.872971,-830.790161,1,1060.987915,428.14978
0.118896,146.989868,-828.870361,1,871.41272,566.18158
0.119873,147.108017,-826.937805,1,873.257935,568.89917
0.119141,147.232956,-824.994812,1,799.809326,574.512268
0.119141,147.360138,-823.017822,1,793.771851,565.642639
0.119629,147.479843,-821.000488,1,804.038086,559.154236
0.103027,147.570679,-819.230774,1,801.417542,548.940735
0.120361,147.662277,-817.127625,1,807.369446,532.901611
0.120117,147.748062,-814.992188,1,826.401184,545.739502
0.118652,147.839447,-812.845642,1,829.756897,546.690552
0.100586,147.927826,-810.997803,1,826.513977,539.713806
0.118164,148.043808,-808.791687,1,827.92627,547.889771
0.119385,148.164825,-806.532654,1,829.790649,543.700684
0.100098,148.263428,-804.605957,1,833.530884,542.265686
0.11792,148.372025,-802.303284,1,847.687256,506.856781
0.118164,148.472275,-799.96106,1,831.202759,547.105713
0.100098,148.553711,-797.951477,1,836.741028,528.736511
0.100342,148.638702,-795.912292,1,834.528015,534.286316
0.12085,148.754303,-793.427368,1,825.72406,542.634521
0.11792,148.883881,-790.966797,1,828.663696,551.125061
0.11792,149.024857,-788.47168,1,831.207336,554.287476
0.116699,149.167023,-785.976501,1,822.555847,569.608276
0.120117,149.31012,-783.371338,1,837.396729,560.740967
0.116699,149.439896,-780.81543,1,837.396729,560.740967
0.11792,149.558609,-778.201355,1,844.249268,543.613098
0.100098,149.649323,-775.959656,1,840.227905,550.592468
0.119141,149.745697,-773.261475,1,837.49115,564.990723
0.114502,149.826447,-770.64447,1,842.61853,548.993835
0.10083,149.887894,-768.31543,1,821.009338,567.570862
0.120117,149.949493,-765.515259,1,833.513,580.596008
0.100342,149.991425,-763.156982,1,832.844543,572.991455
0.103271,150.025269,-760.710144,1,838.552612,577.210388
0.119629,150.052124,-757.857239,1,844.753967,573.533569
0.119873,150.065155,-754.961121,1,847.887024,570.943542
0.109863,150.064285,-752.264709,1,822.214661,553.301575
0.10498,150.051773,-749.664917,1,825.171265,550.535889
0.102783,150.030655,-747.078186,1,836.951538,560.749512
0.100342,150.005844,-744.532471,1,835.608521,558.3172
0.118408,149.97551,-741.506653,1,835.686523,550.14624
0.116699,149.94751,-738.512817,1,841.000977,557.046326
0.115234,149.922409,-735.532654,1,876.75177,565.538452
0.112061,149.899414,-732.614258,1,874.287476,559.306885
0.115967,149.875717,-729.583801,1,873.902466,563.204712
0.117188,149.850647,-726.504395,1,882.843994,564.408813
0.118164,149.823959,-723.380066,1,878.791626,558.202881
0.114746,149.797165,-720.327209,1,870.665161,571.180237
0.115967,149.769913,-717.22168,1,876.173828,557.794739
0.117188,149.742813,-714.076233,1,876.393066,557.087158
0.121094,149.715179,-710.801331,1,877.195923,555.286011
0.116943,149.689102,-707.624451,1,879.071106,552.988831
0.11792,149.665176,-704.407654,1,881.937195,547.079956
0.115234,149.645493,-701.245361,1,884.356873,568.022827
0.11792,149.630112,-697.993713,1,889.457947,578.010559
0.118652,149.620361,-694.713806,1,895.035828,595.930298
0.11499,149.617569,-691.51239,1,900.482727,583.725647
0.116699,149.622452,-688.253418,1,900.482727,583.725647
0.118408,149.636276,-684.927429,1,894.434814,582.016052
0.100586,149.656052,-682.094421,1,887.9505,588.974915
0.101318,149.686462,-679.23114,1,1199.542725,306.105377
0.100098,149.734268,-676.392334,1,1237.443481,284.963715
0.120605,149.823593,-672.955872,1,1254.503174,275.964874
0.103027,149.93045,-670.012756,1,1065.107666,482.155151
0.100586,150.06044,-667.14093,1,957.655762,554.190308
0.10083,150.212952,-664.272827,1,938.365173,558.040283
0.101562,150.384216,-661.40802,1,928.400208,560.256897
0.103027,150.569122,-658.514648,1,872.87207,572.393188
0.116943,150.78067,-655.25708,1,862.115479,567.607178
0.101807,150.958191,-652.445923,1,864.370667,556.383789
0.103516,151.131668,-649.595398,1,860.51001,554.852966
0.103516,151.297623,-646.757019,1,870.587097,562.921326
0.101562,151.450653,-643.99469,1,872.553772,548.083801
0.101807,151.59404,-641.252991,1,883.323242,539.642578
0.102783,151.729309,-638.523315,1,884.685181,517.363831
0.119385,151.876053,-635.420166,1,900.572449,423.095612
0.101318,151.992538,-632.864624,1,958.761047,94.396835
0.105713,152.106293,-630.291687,1,958.761047,94.396835
0.118896,152.224701,-627.514404,1,958.761047,94.396835
0.103516,152.319687,-625.187317,1,817.448914,106.819244
0.101562,152.404984,-622.996277,1,864.050598,555.566162
0.116943,152.495071,-620.572754,1,874.962891,527.2229
0.100098,152.568344,-618.584961,1,891.687317,515.460754
0.12085,152.657562,-616.304382,1,900.001953,510.227783
0.106689,152.74118,-614.385803,1,943.827515,538.664795
0.103516,152.829376,-612.614624,1,988.303528,559.13623
0.11792,152.93602,-610.709534,1,986.017517,553.468018
0.117676,153.044662,-608.928101,1,993.575195,549.662842
0.114746,153.149872,-607.298462,1,1002.628174,552.406677
0.115967,153.253006,-605.764954,1,999.750671,535.545105
0.115967,153.351547,-604.325317,1,1004.521301,544.941284
0.117676,153.449158,-602.920044,1,975.704712,535.056763
0.11792,153.548843,-601.523254,1,971.77301,529.497253
0.116943,153.649918,-600.141235,1,980.23938,521.534302
0.116211,153.749207,-598.788208,1,990.841064,515.749878
0.117676,153.845993,-597.456787,1,985.497009,497.933472
0.115479,153.937531,-596.181213,1,995.247131,498.192017
0.117676,154.02655,-594.917297,1,1004.196289,476.88092
0.117432,154.110291,-593.679321,1,1024.329834,462.782684
0.117188,154.188477,-592.443848,1,1012.165466,478.785767
0.116211,154.259048,-591.233582,1,1039.498901,482.927582
0.116699,154.323105,-590.0177,1,1046.699097,462.739197
0.115967,154.378891,-588.80719,1,1073.841064,465.216431
0.117188,154.427292,-587.572083,1,1095.321899,456.746552
0.11792,154.472092,-586.310059,1,1100.971191,426.418427
0.116211,154.53096,-585.041382,1,1124.02771,421.456818
0.117432,154.642609,-583.739563,1,1153.171631,456.081543
0.115234,154.838593,-582.452393,1,1135.36084,452.747131
0.121338,155.165863,-581.119934,1,1148.802246,473.085022
0.115479,155.607132,-579.890381,1,1154.545166,470.778656
0.111572,156.153824,-578.756592,1,1294.959961,475.378754
0.106445,156.780197,-577.732849,1,1231.303101,465.222443
0.105225,157.491776,-576.786377,1,1206.423828,480.553528
0.103271,158.273468,-575.92749,1,1418.549805,456.102386
0.115967,159.243011,-575.052124,1,1393.376953,461.199921
0.102051,160.169769,-574.369324,1,1351.943848,464.892548
0.116943,161.303146,-573.69751,1,1288.139404,446.212219
0.115234,162.484756,-573.156738,1,1241.957031,465.992096
0.115723,163.726074,-572.736877,1,1169.515381,494.476807
0.116211,165.017456,-572.438232,1,1198.162476,554.661804
0.115967,166.353333,-572.256653,1,1135.084106,490.298126
0.115723,167.723297,-572.180115,1,1060.480469,465.043823
0.107666,169.031754,-572.180298,1,1013.136414,474.350739
0.104248,170.340179,-572.22998,1,985.645813,460.232849
0.11377,171.812393,-572.323425,1,942.273376,480.760071
0.100342,173.154984,-572.425964,1,954.453491,496.648682
0.102783,174.575409,-572.539307,1,924.568787,494.936096
0.101562,176.021591,-572.647644,1,1217.317871,252.309616
0.112793,177.680267,-572.755615,1,1257.55835,288.980164
0.106201,179.295868,-572.843506,1,1224.611938,230.904831
0.100586,180.868591,-572.916199,1,1227.341797,231.563232
0.101807,182.508179,-572.982788,1,1050.954834,425.684113
0.116943,184.452667,-573.054626,1,904.971497,501.011902
0.116211,186.439163,-573.126221,1,923.681885,517.075439
0.115479,188.47435,-573.202942,1,933.268311,528.073303
0.100342,190.286377,-573.276245,1,951.953918,534.989197
0.101562,192.157928,-573.361633,1,955.296692,533.599548
0.102295,194.083954,-573.468201,1,955.692688,527.524414
0.10791,196.151016,-573.609009,1,958.887024,540.425476
0.104736,198.193756,-573.776428,1,947.958801,533.946655
0.10791,200.336838,-573.979553,1,925.141357,528.689514
0.107178,202.507523,-574.197876,1,919.05603,525.836914
0.103027,204.626099,-574.401367,1,855.390381,541.19751
0.107178,206.876328,-574.59491,1,858.63678,525.321411
0.105225,209.118103,-574.762817,1,893.889099,521.051575
0.103027,211.350571,-574.913757,1,907.396973,519.486511
0.100342,213.555161,-575.065186,1,939.460876,534.708801
0.101807,215.823715,-575.241089,1,932.022217,525.298889
0.107422,218.249252,-575.459656,1,929.535217,540.856384
0.105225,220.656036,-575.706726,1,925.668396,533.522095
0.106201,223.116119,-575.981384,1,928.453247,525.360779
0.111816,225.738281,-576.287537,1,935.993713,509.176544
0.114258,228.447678,-576.621399,1,948.736755,515.010254
0.11499,231.216705,-577.011597,1,962.184509,511.571289
0.112793,233.962158,-577.478333,1,954.207092,508.107788
0.121338,236.927429,-578.101501,1,928.58075,494.032806
0.116943,239.787109,-578.839172,1,902.32251,504.236908
0.116699,242.626755,-579.692444,1,863.977722,508.117676
0.116455,245.477463,-580.628357,1,844.381714,504.68457
0.115723,248.316895,-581.608704,1,819.815063,500.480865
0.115479,251.177017,-582.623535,1,819.760803,502.616394
0.103271,253.747513,-583.552917,1,811.349243,488.125427
0.118896,256.728577,-584.651001,1,788.217346,488.249603
0.115479,259.654419,-585.71875,1,750.08374,519.639954
0.117188,262.661896,-586.756592,1,774.110107,513.532532
0.118408,265.75769,-587.737427,1,796.197876,504.059113
0.116455,268.85083,-588.63147,1,813.804749,493.296448
0.110596,271.828949,-589.439575,1,820.394104,488.393219
0.119385,275.06897,-590.300293,1,819.150146,499.165161
0.100098,277.80896,-591.023132,1,789.647339,555.165771
0.116455,281.015106,-591.851074,1,790.54425,547.596313
0.116943,284.278778,-592.652893,1,801.686157,541.893799
0.115234,287.520844,-593.391724,1,827.902405,468.577606
0.113281,290.748291,-594.076782,1,822.341064,555.441162
0.118408,294.14856,-594.770752,1,822.947998,537.687317
0.116211,297.508942,-595.459412,1,817.639343,541.704956
0.118164,300.942261,-596.184753,1,821.30542,554.212341
0.11499,304.296143,-596.915527,1,805.381592,534.148804
0.114258,307.651978,-597.659607,1,727.912048,-169.088821
0.114746,311.036316,-598.417725,1,877.178345,209.658966
0.112793,314.380676,-599.172668,1,813.89447,561.21814
0.115723,317.832428,-599.961304,1,813.312988,556.116211
0.114502,321.25412,-600.767883,1,805.837646,550.342529
0.114502,324.68866,-601.625549,1,796.524658,553.227173
0.113037,328.076538,-602.531006,1,779.125671,552.713135
0.11499,331.528534,-603.51239,1,773.191895,562.661194
0.110352,334.842041,-604.499207,1,773.668213,556.320862
0.112549,338.231232,-605.536804,1,747.793213,554.231812
0.11084,341.580109,-606.571167,1,724.311707,571.690613
0.108398,344.876465,-607.586243,1,726.009216,571.259094
0.111572,348.281799,-608.628601,1,716.737793,553.053162
0.107666,351.582184,-609.632935,1,725.755615,567.243774
0.112061,355.038574,-610.667847,1,710.014465,569.547302
0.111328,358.491058,-611.664429,1,714.695435,551.565796
0.114258,362.068268,-612.640503,1,728.878723,551.59021
0.111328,365.579498,-613.524658,1,722.565979,548.764832
0.112793,369.178864,-614.344788,1,740.362366,553.932861
0.112793,372.80188,-615.094177,1,746.285522,552.253174
0.109863,376.356903,-615.772888,1,732.347717,569.983032
0.111572,379.995361,-616.422913,1,765.032959,540.517212
0.114502,383.740906,-617.048889,1,1274.103027,305.484406
0.113525,387.472778,-617.613586,1,1288.091553,265.79715
0.115723,391.315979,-618.119934,1,934.596802,508.956604
0.114014,395.130524,-618.559204,1,858.283081,542.104553
0.110596,398.862762,-618.946045,1,869.448425,545.511414
0.117188,402.829468,-619.329163,1,797.840942,562.876953
0.107178,406.465118,-619.664062,1,809.270508,551.112671
0.102783,409.951996,-619.972473,1,803.721741,550.356201
0.100342,413.337433,-620.266113,1,809.450317,554.295166
0.117432,417.277496,-620.613464,1,812.090271,550.312317
0.115723,421.119293,-620.968628,1,808.497498,537.832275
0.11377,424.807098,-621.333313,1,821.225525,531.911194
0.113525,428.368652,-621.72052,1,818.49176,515.705261
0.103516,431.499115,-622.101562,1,805.343506,513.468384
0.100098,434.41626,-622.49585,1,811.752502,515.677551
0.117432,437.685852,-622.982727,1,796.010925,486.913727
0.115479,440.747345,-623.472595,1,842.021851,505.178558
0.115723,443.673737,-623.953308,1,861.237488,500.126282
0.116943,446.479431,-624.396057,1,814.043823,519.987061
0.11792,449.173492,-624.785156,1,815.414429,503.035095
0.115234,451.675812,-625.111633,1,818.868652,477.986359
0.115479,454.056458,-625.3927,1,860.16272,489.629913
0.111084,456.214905,-625.627258,1,867.625183,532.317078
0.121826,458.434326,-625.853821,1,881.10437,533.296692
0.113525,460.367462,-626.040588,1,895.661865,525.075745
0.117676,462.234711,-626.208984,1,920.779541,510.339996
0.111572,463.883331,-626.335938,1,918.295654,476.0383
0.114502,465.458679,-626.422668,1,932.87384,461.719757
0.11792,466.96817,-626.465027,1,1000.486938,475.638733
0.118652,468.375397,-626.474731,1,1015.019531,456.694611
0.114746,469.649353,-626.477783,1,1034.744873,447.944244
0.11499,470.865234,-626.486938,1,1064.036377,451.128632
0.107422,471.974121,-626.521057,1,1075.258667,446.291809
0.119141,473.189362,-626.605713,1,1097.50708,450.170898
0.114014,474.348358,-626.758301,1,1045.516357,410.91272
0.116455,475.526337,-627.012634,1,1087.613159,435.238831
0.116699,476.658752,-627.382874,1,1049.036133,412.620331
0.111084,477.671448,-627.854309,1,1032.577759,441.309692
0.112061,478.618256,-628.449158,1,1114.048706,445.322205
0.11084,479.478302,-629.146057,1,1095.006958,443.595612
0.108398,480.239655,-629.920776,1,1080.890381,422.506378
0.110107,480.926361,-630.783691,1,1247.281738,411.397736
0.106445,481.499603,-631.680969,1,1215.813354,455.43158
0.108398,481.981781,-632.649109,1,1154.173584,448.062714
0.111816,482.361603,-633.695801,1,1106.505981,450.79892
0.114014,482.622803,-634.80426,1,1067.918457,464.483368
0.114502,482.755066,-635.940186,1,1013.418213,475.984894
0.115234,482.758331,-637.095886,1,934.930115,464.431183
0.115967,482.635132,-638.266968,1,889.621277,483.565369
0.114258,482.402069,-639.428284,1,864.401794,478.739197
0.115234,482.082245,-640.619019,1,818.370972,487.427551
0.11377,481.717255,-641.828003,1,784.007263,474.755493
0.115479,481.33078,-643.107239,1,827.070496,475.355225
0.113281,480.956726,-644.417908,1,870.887268,505.267731
0.113037,480.592102,-645.779846,1,886.668091,480.057739
0.113281,480.226624,-647.200623,1,890.685242,467.610352
0.114502,479.846527,-648.687866,1,775.423523,444.698547
0.103516,479.489838,-650.080994,1,770.721619,433.046173
0.118652,479.069733,-651.73291,1,767.281555,415.618896
0.117432,478.651825,-653.426819,1,699.910339,524.513062
0.119141,478.239441,-655.20697,1,706.148926,525.708984
0.117432,477.856018,-657.029236,1,678.437073,541.796021
0.120605,477.508972,-658.95697,1,658.174377,532.558044
0.102295,477.264496,-660.632996,1,661.751892,544.8797
0.118164,477.03833,-662.618591,1,701.512512,560.349792
0.117188,476.852875,-664.632935,1,701.11908,558.61322
0.11792,476.69632,-666.714661,1,749.558533,392.194275
0.116455,476.568665,-668.820068,1,756.822449,248.013046
0.115234,476.466278,-670.954529,1,745.732605,558.077087
0.115967,476.386932,-673.147034,1,746.710754,544.083252
0.116455,476.330536,-675.399536,1,750.048523,550.917908
0.117188,476.2995,-677.708801,1,751.237122,535.315735
0.11792,476.30249,-680.075684,1,756.856567,517.19928
0.117432,476.349091,-682.475098,1,714.438782,-65.782463
0.11792,476.438507,-684.927246,1,714.438782,-65.782463
0.100342,476.549744,-687.046387,1,714.438782,-65.782463
0.117432,476.720276,-689.559509,1,714.438782,-65.782463
0.118652,476.936584,-692.135254,1,872.907349,616.889343
0.118652,477.197174,-694.748169,1,860.778381,629.857239
0.100342,477.448212,-696.987915,1,896.641113,557.625244
0.10083,477.70813,-699.266235,1,892.510986,545.03833
0.102051,477.954529,-701.595459,1,896.794006,554.76886
0.101562,478.174316,-703.936218,1,897.019531,543.473389
0.117676,478.418152,-706.691101,1,892.752747,555.836304
0.117188,478.659943,-709.479431,1,877.473938,550.262878
0.118408,478.906525,-712.343506,1,873.45636,549.576477
0.117676,479.150269,-715.239502,1,852.67627,546.324646
0.118652,479.377625,-718.216736,1,727.377441,387.511536
0.117676,479.568939,-721.227173,1,686.938049,426.728149
0.100098,479.697113,-723.821045,1,729.668091,361.415771
0.118408,479.803223,-726.919739,1,709.093445,382.749969
0.120605,479.861359,-730.11615,1,773.662903,511.297302
0.119629,479.869934,-733.307678,1,760.907593,482.28125
0.118652,479.830231,-736.504211,1,760.907593,482.28125
0.117432,479.740692,-739.699951,1,760.907593,482.28125
0.101318,479.621216,-742.472961,1,760.907593,482.28125
0.100586,479.464386,-745.246826,1,835.109436,495.959045
0.118408,479.232758,-748.539246,1,941.701355,318.776306
0.118652,478.95163,-751.857971,1,931.511597,336.190491
0.101318,478.673676,-754.70459,1,892.509399,422.528351
0.117676,478.304993,-758.039368,1,869.032593,469.586151
0.106934,477.928833,-761.081116,1,857.950439,466.012756
0.117432,477.493622,-764.442688,1,828.089478,454.588074
0.102295,477.140778,-767.392212,1,767.474243,520.068298
0.100586,476.829224,-770.322876,1,758.505554,535.169312
0.101562,476.549469,-773.300842,1,743.203735,508.65564
0.104736,476.312775,-776.396851,1,786.344666,520.951904
0.10376,476.147156,-779.476135,1,788.872681,527.440857
0.104736,476.05899,-782.603699,1,804.70636,529.829102
0.102051,476.055969,-785.681152,1,784.506775,540.031006
0.101562,476.133789,-788.758484,1,801.915344,542.423706
0.101318,476.286865,-791.835144,1,814.368225,546.10498
0.119385,476.532074,-795.482239,1,860.823364,553.579285
0.117188,476.798096,-799.078003,1,860.202026,551.789917
0.105713,477.046387,-802.341675,1,874.834839,561.94751
0.103516,477.294769,-805.553101,1,889.330383,542.343628
0.101807,477.541534,-808.732361,1,885.590332,533.411133
0.107178,477.78595,-812.09198,1,893.341431,541.642273
0.113281,478.008453,-815.66449,1,886.251831,539.973328
0.112061,478.211182,-819.206909,1,889.386169,546.742004
0.103027,478.41217,-822.489075,1,869.56842,545.83429
0.100586,478.647186,-825.702698,1,871.231445,549.926453
0.110596,478.967346,-829.249268,1,1018.935242,437.378052
0.104004,479.330719,-832.585938,1,1249.464355,265.439911
0.103271,479.739288,-835.916077,1,1248.265137,262.262054
0.103516,480.168549,-839.257385,1,928.220947,513.419617
0.102295,480.588196,-842.583374,1,957.751587,497.100037
0.104736,480.989868,-846.000366,1,949.890442,542.823425
0.101807,481.334595,-849.33667,1,937.576233,540.496277
0.101318,481.622131,-852.675842,1,930.060242,550.518433
0.101318,481.859039,-856.032776,1,918.975891,538.910461
0.118408,482.092682,-859.97052,1,944.844971,556.141113
0.100342,482.270172,-863.281555,1,922.324219,560.324646
0.10376,482.447021,-866.693298,1,925.552551,538.002991
0.117432,482.649048,-870.5047,1,935.132019,529.442627
0.100342,482.828369,-873.666992,1,949.613159,525.242188
0.103027,483.022736,-876.80835,1,953.074951,514.636169
0.102051,483.230774,-879.802185,1,994.698486,484.950378
0.105469,483.467377,-882.775391,1,1201.143799,280.637238
0.10498,483.709869,-885.610962,1,1205.377441,281.247742
0.105225,483.925446,-888.338928,1,1049.368774,511.166809
0.10498,484.085052,-890.94928,1,1022.354736,471.504883
0.102051,484.159973,-893.395813,1,1100.428833,483.665619
0.12085,484.124634,-896.185425,1,1153.616455,493.863586
0.118408,483.962219,-898.814331,1,1148.452515,490.736267
0.115967,483.684204,-901.289734,1,1110.810303,447.001984
0.114502,483.306915,-903.6297,1,1086.849365,428.533539
0.113037,482.849091,-905.82605,1,1135.654419,447.090149
0.107422,482.326477,-907.82605,1,1133.078857,458.887268
0.115234,481.654236,-909.89209,1,1125.573486,452.11377
0.102783,480.950592,-911.664185,1,1125.520142,444.065247
0.101807,480.159271,-913.348145,1,1208.172363,453.863464
0.116699,479.141968,-915.184692,1,1183.94873,465.02066
0.11792,477.998169,-916.944031,1,1145.646729,453.207123
0.115723,476.776642,-918.564575,1,1107.828857,461.539825
0.116455,475.450653,-920.089478,1,1089.642212,447.893127
0.116943,474.03363,-921.500244,1,1064.971436,459.587982
0.117432,472.533722,-922.787903,1,1240.852905,453.345062
0.116455,470.975159,-923.934875,1,1195.925781,456.125641
0.112061,469.418671,-924.912903,1,1142.518433,432.550751
0.108154,467.878418,-925.733765,1,1112.860718,438.86969
0.112305,466.240295,-926.462952,1,1103.041504,426.24939
0.110596,464.599548,-927.052795,1,1040.721436,413.727081
0.11084,462.927826,-927.515869,1,977.559937,407.825836
0.111328,461.224243,-927.85083,1,958.079834,389.552124
0.115234,459.443085,-928.059937,1,913.644653,375.816315
0.115967,457.629974,-928.133057,1,924.075928,370.695374
0.115234,455.813843,-928.081421,1,994.498108,449.002441
0.112549,454.029541,-927.924438,1,1001.969238,448.335663
0.112793,452.219482,-927.67688,1,942.950012,425.236267
0.114746,450.343811,-927.366394,1,848.193115,425.880646
0.115479,448.401031,-927.029541,1,879.418457,447.944244
0.117188,446.378326,-926.692078,1,879.418457,447.944244
0.118164,444.279938,-926.367065,1,774.169312,569.809692
0.118408,442.125366,-926.060242,1,777.250366,554.845703
0.102295,440.215607,-925.806702,1,782.831055,547.782898
0.116943,437.984711,-925.520691,1,791.81012,547.665222
0.114502,435.749908,-925.229492,1,747.136353,544.586975
0.102295,433.718109,-924.954712,1,742.05426,553.038086
0.101807,431.660522,-924.672607,1,795.200195,566.209778
0.106201,429.478638,-924.380554,1,785.551453,571.116333
0.109863,427.182251,-924.085815,1,796.623596,559.949768
0.105957,424.921783,-923.805725,1,799.891479,577.939026
0.10791,422.588501,-923.521973,1,809.567627,569.781372
0.108154,420.214264,-923.235107,1,794.78241,568.518188
0.107422,417.812042,-922.94989,1,792.84668,563.068298
0.111084,415.295929,-922.663879,1,787.449707,547.035461
0.109619,412.775208,-922.395935,1,787.920593,368.544373
0.10791,410.256409,-922.152466,1,788.713135,375.125732
0.108398,407.687805,-921.934082,1,1015.448059,321.092346
0.105225,405.158417,-921.748962,1,1229.461914,281.19693
0.106201,402.569672,-921.588196,1,1044.966431,406.006134
0.109375,399.852203,-921.448608,1,807.15625,535.009338
0.115723,396.923218,-921.328125,1,798.927002,536.09552
0.108398,394.138489,-921.237244,1,812.447205,534.125183
0.108887,391.30191,-921.156677,1,873.861633,543.458923
0.103027,388.597931,-921.082397,1,874.714783,541.97998
0.10791,385.739044,-921.004395,1,868.358948,534.254272
0.107178,382.875305,-920.933472,1,771.204529,566.661804
0.105713,380.024841,-920.876953,1,763.300659,553.804443
0.106689,377.129486,-920.835754,1,736.879822,555.184082
0.106201,374.221069,-920.806213,1,743.927734,556.782166
0.109375,371.206024,-920.778931,1,807.989014,583.931885
0.106689,368.238312,-920.757324,1,790.887146,567.168396
0.10498,365.296753,-920.762207,1,801.459656,555.419067
0.11084,362.165283,-920.802734,1,810.460632,554.053345
0.105713,359.161285,-920.848938,1,805.305115,556.291809
0.108398,356.062164,-920.865967,1,795.308594,544.361877
0.105957,353.007324,-920.832642,1,795.152649,549.633301
0.109619,349.824585,-920.753845,1,757.698975,543.56781
0.111816,346.563873,-920.671631,1,712.283936,550.093933
0.108398,343.373535,-920.650146,1,723.612976,536.683044
0.110107,340.123199,-920.732727,1,734.66687,543.339478
0.108643,336.901123,-920.924133,1,756.503235,532.912354
0.109131,333.646179,-921.171387,1,785.391785,531.264038
0.107422,330.419189,-921.370789,1,782.596924,553.676392
0.111816,327.040558,-921.473816,1,739.910706,543.532593
0.108154,323.756592,-921.491882,1,706.473206,540.181763
0.113037,320.307861,-921.517761,1,698.184021,534.845581
0.111816,316.884216,-921.648621,1,732.54126,534.720215
0.107666,313.587006,-921.921448,1,778.275757,517.559509
0.112061,310.173492,-922.342712,1,798.479126,519.570251
0.110107,306.815918,-922.837219,1,774.835754,512.826355
0.108887,303.472595,-923.299927,1,823.634399,524.996948
0.112061,300.019348,-923.636292,1,834.725159,538.498535
0.10791,296.682434,-923.773987,1,809.394165,531.319702
0.112549,293.218414,-923.732605,1,773.369873,522.969849
0.112793,289.73175,-923.571167,1,817.559875,540.940125
0.110107,286.316711,-923.402161,1,815.460938,547.613525
0.111084,282.839355,-923.289978,1,813.205383,534.046814
0.110352,279.371796,-923.249634,1,828.492554,532.319702
0.107422,275.978027,-923.254456,1,818.567444,534.260864
0.114258,272.349426,-923.269897,1,811.992249,542.395691
0.109863,268.848602,-923.281372,1,802.122253,549.117188
0.112793,265.230957,-923.316772,1,808.700867,540.286865
0.109131,261.719208,-923.410828,1,852.572754,550.996521
0.10791,258.240021,-923.589417,1,893.030334,546.082458
0.113525,254.557098,-923.885254,1,901.423096,542.189636
0.114502,250.842468,-924.276917,1,907.802856,542.849182
0.121826,246.878372,-924.739441,1,920.774963,543.094849
0.110352,243.267654,-925.134155,1,922.629333,535.633911
0.11084,239.620819,-925.468994,1,906.834534,542.87677
0.107178,236.070908,-925.729431,1,893.398804,547.096985
0.109863,232.415054,-925.941467,1,888.23761,538.666504
0.111816,228.674942,-926.11908,1,892.797485,535.254089
0.111084,224.936722,-926.268127,1,885.10376,534.203857
0.10791,221.281113,-926.377869,1,885.167847,557.247986
0.105469,217.681534,-926.43335,1,877.258545,552.217041
0.105469,214.070953,-926.421875,1,925.451477,542.376465
0.107422,210.38475,-926.330872,1,920.955078,542.915649
0.10498,206.7724,-926.161377,1,897.065979,552.996643
0.107178,203.090271,-925.9104,1,897.786743,541.661743
0.105957,199.443497,-925.590332,1,882.463074,542.922668
0.104248,195.849762,-925.209473,1,872.948669,550.783569
0.10376,192.274857,-924.766785,1,839.374512,561.196838
0.125244,187.962265,-924.149231,1,812.680176,573.546692
0.109863,184.175919,-923.554932,1,791.728027,553.865906
0.10498,180.550491,-922.996948,1,726.887573,548.487976
0.102295,177.000793,-922.518921,1,768.350159,500.174194
0.105469,173.31691,-922.133362,1,1230.661499,262.253479
0.113037,169.354568,-921.861755,1,1219.386597,258.780273
0.112305,165.395142,-921.725525,1,846.431824,511.775177
0.107666,161.597717,-921.670898,1,854.64325,513.554993
0.111816,157.647324,-921.608582,1,862.195618,512.187744
0.113525,153.628235,-921.449524,1,851.136902,518.77948
0.106201,149.86853,-921.179871,1,827.737915,514.954956
0.107422,146.067703,-920.815063,1,809.381348,508.630127
0.118896,141.856613,-920.410645,1,758.791504,539.290283
0.100586,138.273407,-920.169983,1,721.42334,575.722778
0.102295,134.623322,-920.088379,1,748.838989,567.2052
0.118652,130.414825,-920.209229,1,780.453064,560.433289
0.10083,126.860229,-920.48114,1,804.702942,554.635376
0.103027,123.247665,-920.907837,1,844.068909,557.027954
0.10083,119.721603,-921.46167,1,853.540588,544.261719
0.109619,115.90773,-922.157043,1,893.537598,556.128235
0.105469,112.232864,-922.845764,1,905.930603,547.150574
0.100098,108.727341,-923.457092,1,912.348694,537.362488
0.105469,105.016731,-924.010132,1,894.202209,538.484314
0.103271,101.357025,-924.444092,1,1051.680298,428.086761
0.102295,97.72126,-924.774231,1,1206.18335,305.236847
0.103271,94.035591,-925.028992,1,1251.526855,270.642792
0.10083,90.422813,-925.219971,1,1249.798096,250.136795
0.119629,86.139633,-925.384644,1,854.331055,539.635376
0.104736,82.370193,-925.475525,1,844.178894,538.951843
0.100586,78.75116,-925.51062,1,830.567688,549.104126
0.106934,74.893394,-925.484741,1,797.886658,570.021484
0.10791,70.995712,-925.389954,1,769.907959,558.836975
0.104004,67.243324,-925.238464,1,752.680603,565.086609
0.118652,62.945019,-925.007019,1,760.37561,570.472107
0.10083,59.298988,-924.772766,1,745.708374,568.472839
0.118652,54.990894,-924.463196,1,1173.428345,284.959717
0.11792,50.713432,-924.134949,1,1186.302612,291.969452
0.117188,46.453224,-923.803528,1,953.643127,321.642456
0.117676,42.167171,-923.487854,1,889.276917,349.733978
0.116699,37.913795,-923.221558,1,717.028137,560.020874
0.114258,33.733204,-923.024292,1,699.514648,571.47113
0.118164,29.402433,-922.895508,1,708.071533,566.722778
0.100098,25.718893,-922.845581,1,726.775513,567.318787
0.117188,21.413244,-922.84314,1,749.621155,562.711121
0.103516,17.603989,-922.871887,1,765.734192,572.805847
0.101807,13.849687,-922.91571,1,773.057922,571.648621
0.116455,9.550819,-922.977783,1,773.012024,562.220459
0.112305,5.403422,-923.049622,1,793.984253,563.545166
0.118164,1.026304,-923.143677,1,781.988342,561.782654
0.112305,-3.1304,-923.255249,1,767.533875,570.427185
0.11499,-7.395613,-923.395325,1,764.776978,565.322937
0.11377,-11.618359,-923.55896,1,784.997131,553.478394
0.113037,-15.823733,-923.744019,1,788.442322,562.359436
0.110352,-19.926111,-923.943848,1,788.993835,577.36676
0.115723,-24.228081,-924.172546,1,803.211182,563.387085
0.114502,-28.493826,-924.415039,1,759.04126,577.084534
0.115479,-32.801319,-924.667358,1,760.316589,569.621399
0.11377,-37.051945,-924.91748,1,754.718018,583.403076
0.111328,-41.216953,-925.160339,1,749.37616,574.259705
0.11084,-45.363075,-925.399231,1,795.593689,573.982788
0.113037,-49.595184,-925.64093,1,800.192871,580.335876
0.111084,-53.764275,-925.878662,1,787.923462,571.628601
0.109863,-57.881645,-926.114502,1,787.991516,573.119995
0.114014,-62.166447,-926.361267,1,758.426208,581.90155
0.115234,-66.505318,-926.612,1,751.571594,579.633728
0.112305,-70.728561,-926.856201,1,744.707642,571.763245
0.113037,-74.9851,-927.101807,1,784.377808,558.587097
0.109619,-79.120796,-927.339844,1,792.559692,553.917725
0.115234,-83.455078,-927.588928,1,791.25415,558.860901
0.114502,-87.722466,-927.831116,1,774.250305,554.121948
0.114502,-91.971535,-928.061157,1,784.536011,557.180725
0.108154,-95.946342,-928.260254,1,748.347595,555.740845
0.114502,-100.1241,-928.450256,1,736.299194,547.645996
0.113037,-104.179611,-928.629883,1,709.599854,539.96167
0.113525,-108.12767,-928.870178,1,638.297119,500.596039
0.10498,-111.652435,-929.201782,1,642.236755,510.975983
0.118652,-115.510361,-929.733826,1,655.150696,504.131439
0.10083,-118.690788,-930.322693,1,694.866882,488.658905
0.115234,-122.215988,-931.142273,1,723.957092,470.977417
0.106201,-125.336731,-932.013306,1,876.843567,534.887939
0.106201,-128.342957,-932.967407,1,851.476074,521.729858
0.115479,-131.465881,-934.070251,1,924.748352,566.883911
0.113037,-134.39743,-935.236267,1,1011.137512,572.257324
0.110107,-137.138458,-936.475891,1,1033.770508,550.926025
0.113525,-139.86586,-937.824097,1,1292.513306,262.443604
0.111084,-142.451736,-939.112122,1,1280.744507,229.073547
0.10791,-144.923569,-940.209045,1,949.234314,527.847595
0.109375,-147.410522,-941.138733,1,958.224609,564.597656
0.107666,-149.865906,-941.875977,1,932.852844,556.235352
0.109619,-152.355499,-942.450012,1,990.341187,508.098206
0.114258,-154.934189,-942.880615,1,884.427856,511.721191
0.116211,-157.531296,-943.183655,1,917.28772,555.567078
0.116699,-160.124359,-943.366272,1,881.368774,560.635193
0.114502,-162.659546,-943.431519,1,875.685486,562.961731
0.112549,-165.13942,-943.381653,1,845.3172,554.988159
0.112549,-167.621643,-943.22467,1,814.593567,541.970459
0.109619,-170.055069,-942.989441,1,806.271667,534.96637
0.107422,-172.461334,-942.703613,1,817.534912,536.147766
0.11377,-175.045486,-942.358826,1,807.409912,463.726837
0.112793,-177.632614,-941.986511,1,759.168457,379.231689
0.109375,-180.168091,-941.598938,1,764.679504,371.474915
0.112305,-182.791428,-941.193726,1,775.114197,370.400635
0.114502,-185.507614,-940.766174,1,774.049561,368.348938
0.10791,-188.085602,-940.308655,1,706.865906,521.176758
0.113037,-190.776917,-939.755737,1,699.522888,524.773865
0.112061,-193.462143,-939.176941,1,691.898071,541.091187
0.11499,-196.25322,-938.598083,1,688.486694,564.718079
0.108643,-198.915726,-938.089783,1,657.288635,575.722168
0.114258,-201.752518,-937.645996,1,665.161011,569.617004
0.114014,-204.616104,-937.325562,1,674.265442,565.320557
0.115234,-207.527603,-937.088806,1,688.021667,544.513977
0.114258,-210.448959,-936.87793,1,706.687012,558.530762
0.112793,-213.369263,-936.665771,1,771.281006,570.213928
0.113281,-216.328003,-936.453308,1,782.219543,567.168091
0.104492,-219.08046,-936.276001,1,798.025513,552.157349
0.116455,-222.182556,-936.118774,1,804.208435,562.239197
0.107666,-225.076187,-936.019348,1,811.915344,563.904419
0.111572,-228.096832,-935.959595,1,754.142822,573.134155
0.101074,-230.864014,-935.935181,1,753.953125,561.393738
0.112061,-233.94986,-935.93042,1,760.040771,561.780884
0.119141,-237.259384,-935.941223,1,756.472168,547.614258
0.108398,-240.293716,-935.957153,1,735.381897,559.309387
0.110352,-243.40213,-935.970154,1,721.555542,556.523865
0.105957,-246.412033,-935.970642,1,713.034119,567.516541
0.109863,-249.560379,-935.95282,1,721.71344,556.704346
0.115234,-252.878433,-935.910461,1,736.4328,568.756836
0.107178,-255.988525,-935.848206,1,718.687256,571.112427
0.110596,-259.217987,-935.761841,1,323.121368,534.112549
0.110596,-262.465851,-935.654541,1,694.374756,575.17865
0.112305,-265.787567,-935.522156,1,683.833862,564.928528
0.111328,-269.103516,-935.350403,1,648.981628,547.069702
0.112549,-272.467957,-935.112915,1,651.760071,537.296692
0.10791,-275.705353,-934.806519,1,643.054077,536.72876
0.11084,-279.043701,-934.39386,1,622.718079,515.594666
0.106445,-282.255035,-933.899414,1,583.344421,525.696594
0.107666,-285.500977,-933.302795,1,546.041504,525.339722
0.107422,-288.748657,-932.62262,1,410.690918,525.439697
0.11084,-292.097656,-931.918335,1,422.299225,538.018494
0.106934,-295.338745,-931.344299,1,347.220947,532.457336
0.112549,-298.740021,-930.915039,1,326.830078,514.731262
0.112305,-302.114807,-930.689331,1,364.586243,481.21463
0.119629,-305.680084,-930.647766,1,503.987762,462.570526
0.115967,-309.077484,-930.781128,1,1006.264404,290.05957
0.118408,-312.468292,-931.064697,1,1273.801025,215.66449
0.114258,-315.669647,-931.470642,1,1117.016357,292.028931
0.116211,-318.847473,-932.022278,1,597.891724,428.713348
0.114502,-321.882996,-932.706543,1,638.899902,439.109131
0.112305,-324.77298,-933.515564,1,784.369873,527.003479
0.114014,-327.597961,-934.465942,1,806.681885,486.839294
0.116211,-330.364136,-935.558899,1,793.37439,496.553497
0.115234,-332.989899,-936.754822,1,853.499084,409.589233
0.115967,-335.515228,-938.058167,1,853.499084,409.589233
0.113525,-337.874451,-939.421631,1,853.499084,409.589233
0.118652,-340.220551,-940.927917,1,853.499084,409.589233
0.114502,-342.351349,-942.452881,0,0,0
0.107666,-344.243561,-943.977661,0,0,0
0.111572,-346.115845,-945.634216,1,646.728333,411.196106
0.110596,-347.897217,-947.285217,1,752.516663,448.307434
0.105469,-349.429413,-948.856018,1,702.471924,429.948334
0.100098,-350.742065,-950.429993,1,751.176819,466.058624
0.116943,-352.115082,-952.334167,1,750.931885,444.575806
0.115234,-353.337158,-954.246826,1,882.09259,451.45575
0.10083,-354.318359,-955.93396,1,919.624756,386.931702
0.100586,-355.209442,-957.610596,1,840.03833,458.372955
0.103516,-356.025146,-959.326416,1,987.035034,398.758301
0.109863,-356.770996,-961.135986,1,987.035034,398.758301
0.10376,-357.36261,-962.843506,1,987.035034,398.758301
0.115967,-357.892914,-964.740417,1,987.035034,398.758301
0.116211,-358.291077,-966.625183,1,987.035034,398.758301
0.117676,-358.565002,-968.503479,0,0,0
0.100098,-358.699493,-970.067017,0,0,0
0.114258,-358.74649,-971.809143,0,0,0
0.100342,-358.696228,-973.296814,0,0,0
0.116943,-358.532379,-974.978088,0,0,0
0.115967,-358.260925,-976.582886,0,0,0
0.101318,-357.938354,-977.92511,0,0,0
0.115234,-357.480743,-979.377319,0,0,0
0.115723,-356.928284,-980.755859,0,0,0
0.100586,-356.381104,-981.877258,0,0,0
0.117188,-355.666412,-983.0979,0,0,0
0.100098,-354.998291,-984.058105,1,660.552917,578.141052
0.116211,-354.159027,-985.078003,1,658.585876,505.914856
0.116455,-353.259216,-985.988831,1,697.954346,518.501465
0.116455,-352.30719,-986.784424,1,744.430298,517.712646
0.103271,-351.420441,-987.390869,1,728.76062,513.627502
0.108643,-350.449005,-987.923218,1,726.881226,529.829346
0.110596,-349.414703,-988.353088,1,780.616638,519.997864
0.102783,-348.421783,-988.643066,1,804.19397,499.539032
0.11792,-347.25882,-988.8479,1,852.421021,494.693909
0.114258,-346.127808,-988.940796,1,812.087769,511.048065
0.110596,-345.041199,-988.973694,1,777.534058,468.529968
0.111816,-343.951782,-988.984802,1,775.563599,486.835419
0.107422,-342.918579,-989.005371,1,812.209534,518.994751
0.106934,-341.901642,-989.051697,1,810.704102,491.294861
0.107666,-340.884064,-989.121887,1,808.457825,481.585449
0.107178,-339.882507,-989.206604,1,808.457825,481.585449
0.111084,-297.963165,-931.852478,1,848.547607,488.953613
0.101074,-297.965698,-931.85321,1,845.654846,477.278168
0.109863,-297.9646,-931.853333,1,841.848816,477.034149
0.105469,-297.962585,-931.852966,1,823.280823,465.244385
0.10498,-297.965698,-931.852478,1,830.928223,461.917572
0.106934,-297.978577,-931.852051,1,1256.748779,249.722549
0.102539,-298.008392,-931.851501,1,1269.268921,243.376312
0.101318,-298.064972,-931.850525,1,1272.831055,245.371078
0.102295,-298.15683,-931.84845,1,780.329956,531.363708
0.104736,-298.279022,-931.845764,1,775.417358,530.673706
0.104248,-298.415741,-931.842529,1,771.311218,524.096802
0.103271,-298.558289,-931.839172,1,776.571655,538.436096
0.101318,-298.700378,-931.835754,1,779.127319,540.82782
0.102539,-298.845337,-931.832336,1,601.884399,546.798767
0.105957,-298.996338,-931.829224,1,369.214813,527.5896
0.101074,-299.142761,-931.827026,1,377.257843,516.732239
0.107422,-299.300903,-931.825989,1,389.129669,512.283142
0.102783,-299.459015,-931.825989,1,1035.636841,278.037018
0.10376,-299.643311,-931.827087,1,988.826843,233.377258
0.108154,-299.881775,-931.830505,1,1040.943604,270.988647
0.109619,-300.173615,-931.837585,1,649.500244,323.224365
0.107178,-300.506256,-931.849976,1,318.785645,380.76651
0.10791,-300.889404,-931.869812,1,743.747986,523.016174
0.108887,-301.324158,-931.89917,1,821.278381,530.408325
0.104248,-301.786804,-931.937378,1,840.494263,538.381165
0.109863,-302.32312,-931.990234,1,847.579468,526.50293
0.106934,-302.892853,-932.055664,1,860.699463,533.675293
0.112305,-303.54187,-932.142822,1,874.839966,535.192444
0.110107,-304.226685,-932.250122,1,899.520325,523.96637
0.119873,-305.028412,-932.397156,1,349.245483,433.430695
0.112793,-305.832001,-932.56958,1,349.245483,433.430695
0.112793,-306.680725,-932.782532,1,349.245483,433.430695
0.111816,-307.559662,-933.044312,1,279.025726,609.837097
0.112061,-308.468079,-933.368042,1,361.304077,561.579956
0.106445,-309.34552,-933.741638,1,385.789459,561.011841
0.113525,-310.287018,-934.217773,1,402.152496,530.770935
0.109131,-311.188293,-934.756775,1,419.8237,554.338013
0.110352,-312.082092,-935.384766,1,490.378662,551.549011
0.112305,-312.956879,-936.107727,1,498.734314,571.879578
0.109619,-313.756287,-936.893066,1,576.982361,463.531525
0.105225,-314.451172,-937.713074,1,611.766357,453.306396
0.103271,-315.057892,-938.582031,1,672.418823,456.920929
0.116211,-315.640167,-939.627686,1,685.056335,457.188232
0.100586,-316.053467,-940.582031,1,715.985657,464.134644
0.102295,-316.384644,-941.589661,1,749.933655,441.145142
0.101562,-316.624725,-942.623657,1,697.77655,442.454498
0.107178,-316.785065,-943.751038,1,650.924622,503.99408
0.103271,-316.86261,-944.87323,1,742.538025,511.584442
0.101562,-316.896057,-946.009644,1,784.912964,520.418945
0.116211,-316.925629,-947.353943,1,793.995422,501.786407
0.100098,-316.97406,-948.554443,1,813.811829,518.101257
0.115967,-317.073608,-949.988159,1,1253.996948,333.517059
0.10083,-317.200897,-951.26532,1,1256.839355,326.85434
0.100586,-317.360046,-952.572388,1,1251.928711,321.951691
0.10083,-317.543091,-953.924683,1,767.623047,307.952332
0.115234,-317.768188,-955.52179,1,752.231995,284.859436
0.117188,-318.008911,-957.200439,1,721.849609,276.179565
0.101318,-318.227692,-958.697205,1,713.070618,309.726349
0.11499,-318.49054,-960.445801,1,752.753906,300.093658
0.116211,-318.773712,-962.274597,1,752.753906,300.093658
0.116455,-319.07196,-964.160522,1,769.789856,531.019531
0.10791,-319.359528,-965.963989,1,777.818176,517.5755
0.102783,-319.636505,-967.730591,1,777.963928,503.167969
0.106445,-319.911835,-969.605774,1,790.221069,511.446381
0.116455,-320.184387,-971.705688,1,793.028015,503.73233
0.100586,-320.391022,-973.566589,1,797.822815,497.01593
0.103027,-320.575073,-975.512268,1,818.115906,509.271545
0.100098,-320.729584,-977.441406,1,810.628723,515.064087
0.106445,-320.872711,-979.533081,1,813.287231,497.977539
0.103516,-320.999329,-981.608643,1,813.287231,497.977539
0.103516,-321.118073,-983.72583,1,821.152527,493.937866
0.114014,-321.237793,-986.094055,1,809.59082,475.947784
0.10083,-321.330322,-988.231262,1,838.988831,479.728241
0.116211,-321.414703,-990.732788,1,823.145935,476.111267
0.100098,-321.461487,-992.918152,1,810.054749,519.540344
0.116943,-321.47818,-995.52179,1,807.923706,534.240417
0.102295,-321.456573,-997.825867,1,833.16687,548.859619
0.101562,-321.402008,-1000.146912,1,857.428223,556.334412
0.100342,-321.317963,-1002.470154,1,876.890259,562.146118
0.102295,-321.203979,-1004.869629,1,882.741638,569.949402
0.104736,-321.061218,-1007.351868,1,879.353088,560.195251
0.10498,-320.894928,-1009.870239,1,897.363892,554.858765
0.116455,-320.686707,-1012.710144,1,891.503052,587.433533
0.117188,-320.454163,-1015.621643,1,832.050842,465.990082
0.115723,-320.202179,-1018.547363,1,827.748413,463.99115
0.100098,-319.968201,-1021.117737,1,856.463318,519.885986
0.116455,-319.688354,-1024.144165,1,788.348572,545.226868
0.102051,-319.45639,-1026.81897,1,781.668762,512.530334
0.100098,-319.261658,-1029.470581,1,783.245605,494.779083
0.100342,-319.11554,-1032.146973,1,758.695862,495.439026
0.115723,-319.019379,-1035.264526,1,708.106628,483.71051
0.110107,-319.002777,-1038.257324,1,686.40509,480.122498
0.106445,-319.052307,-1041.175537,1,653.197632,449.304962
0.101074,-319.155365,-1043.96228,1,675.595398,456.264587
0.101807,-319.312225,-1046.791626,1,675.595398,456.264587
0.105713,-319.531738,-1049.74353,1,772.935181,578.768433
0.108887,-319.820465,-1052.802734,1,758.622864,574.859375
0.110107,-320.180054,-1055.911377,1,738.862061,584.01062
0.104492,-320.584045,-1058.874268,1,716.555969,426.023651
0.101562,-321.029785,-1061.770508,1,710.380554,407.861755
0.10083,-321.508911,-1064.651611,1,808.565979,416.128784
0.100098,-322.005219,-1067.53418,1,807.44043,422.369812
0.10083,-322.498932,-1070.447266,1,750.340881,365.021362
0.10791,-322.99762,-1073.596191,1,787.1474,296.48465
0.109619,-323.460297,-1076.822144,1,791.397888,555.97998
0.113037,-323.894989,-1080.168335,1,1146.160889,337.599274
0.111328,-324.295624,-1083.495361,1,1260.201172,302.334015
0.109131,-324.673187,-1086.776245,1,1270.956909,272.391724
0.112793,-325.055908,-1090.190674,1,1288.450317,263.302582
0.116211,-325.442352,-1093.733521,1,796.270813,615.944824
0.115479,-325.811401,-1097.264771,1,797.001953,625.043213
0.116699,-326.165039,-1100.869263,1,797.164185,611.916687
0.100586,-326.449036,-1103.990234,1,775.094849,590.186768
0.10376,-326.713348,-1107.22644,1,792.256775,592.834229
0.116699,-326.953979,-1110.891357,1,789.532532,594.82605
0.114746,-327.113983,-1114.494141,1,823.823364,562.27124
0.114746,-327.193542,-1118.080322,1,826.118652,561.074097
0.116455,-327.199341,-1121.684814,1,850.976257,551.366638
0.114502,-327.145081,-1125.126221,1,803.794373,448.458496
0.101562,-327.058746,-1128.055298,1,791.163208,368.983093
0.100586,-326.943329,-1130.836914,1,779.064453,360.898315
0.100098,-326.801605,-1133.493042,1,795.311646,361.878143
0.11499,-326.610809,-1136.406128,1,799.710815,369.495972
0.100098,-326.42395,-1138.824951,1,809.096191,372.804962
0.100342,-326.220886,-1141.147217,1,806.994873,376.208771
0.100098,-326.007385,-1143.357666,1,811.382202,378.2901
0.100586,-325.786041,-1145.473633,1,812.137451,392.245636
0.114502,-325.531464,-1147.755249,1,818.918762,365.943604
0.104248,-325.30191,-1149.708374,1,882.594971,551.041931
0.115967,-325.051056,-1151.751831,1,908.396729,538.728638
0.114014,-324.818726,-1153.620117,1,822.203308,519.447693
0.100098,-324.63858,-1155.144897,1,696.218262,382.991486
0.115234,-324.460938,-1156.777466,1,673.021667,399.373444
0.100342,-324.330231,-1158.089478,1,800.630188,385.449249
0.100342,-324.218719,-1159.307861,1,807.949524,337.27121
0.100586,-324.121521,-1160.447754,1,739.325745,346.516144
0.115479,-324.022705,-1161.672485,1,739.325745,346.516144
0.10083,-323.944366,-1162.677124,1,739.325745,346.516144
0.100098,-323.872711,-1163.620728,1,739.325745,346.516144
0.115234,-323.798157,-1164.64624,1,739.325745,346.516144
0.10083,-323.740631,-1165.490723,0,0,0
0.116699,-323.683502,-1166.408325,0,0,0
0.115967,-323.635284,-1167.273193,0,0,0
0.100586,-323.598938,-1167.995605,1,687.960327,510.075378
0.116211,-323.561584,-1168.809082,1,686.830444,455.986328
0.115234,-323.528198,-1169.602417,1,701.934082,360.305145
0.113037,-323.498627,-1170.365723,1,717.827087,375.427399
0.112061,-323.472382,-1171.111816,1,722.397827,349.208405
0.114014,-323.449219,-1171.850342,1,711.778198,360.387939
0.112305,-323.43042,-1172.542114,1,708.550659,359.002014
0.113037,-323.415558,-1173.186401,1,702.608643,340.999634
0.10083,-323.405365,-1173.713013,1,731.907837,355.882385
0.114502,-323.396698,-1174.249756,1,718.53772,359.649567
0.106689,-323.390808,-1174.691162,1,712.30249,370.150116
0.115967,-323.386108,-1175.109375,1,719.640015,386.817291
0.113037,-323.382935,-1175.456177,1,689.838257,354.700867
0.112793,-323.380646,-1175.746948,1,716.190552,373.704865
0.105225,-323.379211,-1175.967896,1,702.447815,370.481873
0.115967,-323.378296,-1176.154053,1,691.085815,376.136292
0.101562,-323.377869,-1176.267944,1,680.598572,379.317871
0.114502,-323.377655,-1176.341919,1,708.365112,395.551697
