,0,1,2,3,4,5
0,0.0,-464.549988,-1216.650024,0.0,-70.16363392133769,15.801897693789044
1,0.101959,-464.552612,-1216.647827,0.0,-70.16363392133769,15.801897693789044
2,0.102661,-464.55368,-1216.647217,1.0,977.9674700786624,477.64695969378903
3,0.10022,-464.553864,-1216.646729,1.0,957.8447890786623,325.84578169378904
4,0.10025,-464.553345,-1216.647217,1.0,948.1341570786623,296.167742693789
5,0.106201,-464.552551,-1216.647827,1.0,1328.6991590786624,173.02696469378904
6,0.104004,-464.552246,-1216.648071,1.0,1328.8181780786622,199.91520969378905
7,0.105042,-464.552734,-1216.647705,1.0,1382.6284800786625,167.17485269378903
8,0.104736,-464.553528,-1216.647095,1.0,1382.2877820786625,179.22224669378903
9,0.105042,-464.553955,-1216.646851,1.0,1349.5238660786622,173.86828869378905
10,0.103943,-464.553589,-1216.647095,1.0,1343.055970078662,169.48039469378904
11,0.101532,-464.552856,-1216.647705,1.0,1344.8291640786624,280.88856769378907
12,0.101562,-464.552429,-1216.648071,1.0,1348.8991100786625,281.25450369378905
13,0.106415,-464.552612,-1216.648071,1.0,1351.5061660786623,280.07591469378906
14,0.10553,-464.55304,-1216.647339,1.0,1413.3360000786624,300.60872169378905
15,0.102692,-464.553406,-1216.647217,1.0,1422.2289440786622,295.074602693789
16,0.100128,-464.553345,-1216.647217,1.0,1422.6231090786623,298.27415769378905
17,0.102966,-464.55304,-1216.647217,1.0,1417.8850720786622,291.29664869378905
18,0.104797,-464.552765,-1216.647217,1.0,1441.0874650786623,268.23347769378904
19,0.103455,-464.552704,-1216.647217,1.0,1460.9220590786622,264.2022116937891
20,0.104187,-464.552887,-1216.647339,1.0,1459.9295060786621,261.3641386937891
21,0.104919,-464.55307,-1216.647217,1.0,1251.0184950786625,434.19215669378906
22,0.105682,-464.553345,-1216.647217,1.0,1256.6707170786622,443.52845969378905
23,0.101776,-464.553955,-1216.646606,1.0,1260.8864150786621,458.27861269378906
24,0.10025,-464.555267,-1216.64563,1.0,1330.7223520786624,394.64573969378904
25,0.105865,-464.55838,-1216.643066,1.0,1411.5165420786625,312.94337669378905
26,0.100067,-464.565247,-1216.637451,1.0,1316.4288950786622,421.82942469378906
27,0.100067,-464.580292,-1216.624878,1.0,1274.875306078662,503.15181269378905
28,0.105988,-464.612488,-1216.598633,1.0,1275.0270400786621,518.464159693789
29,0.103546,-464.669342,-1216.552124,1.0,1274.4082650786622,518.333147693789
30,0.102905,-464.757263,-1216.47998,1.0,1280.7200330786623,523.009050693789
31,0.10199,-464.877197,-1216.381592,1.0,1279.5087290786623,526.986834693789
32,0.106018,-465.036377,-1216.250732,1.0,1155.2250380786622,472.50010969378906
33,0.101074,-465.220886,-1216.098877,1.0,1012.6920790786622,407.89814969378904
34,0.100372,-465.435516,-1215.922241,1.0,1010.1779190786623,401.32844769378903
35,0.105988,-465.696106,-1215.706543,1.0,1259.2175920786622,479.85011569378906
36,0.100403,-465.974823,-1215.474365,1.0,1257.1742570786623,477.741747693789
37,0.101593,-466.28775,-1215.211792,1.0,1262.3848280786624,475.96751669378904
38,0.101715,-466.632385,-1214.920532,1.0,1270.1176160786622,488.88301369378905
39,0.102905,-467.012604,-1214.597168,1.0,1332.7852190786625,502.13823169378907
40,0.10672,-467.440186,-1214.22998,1.0,1278.3817760786624,497.20936869378903
41,0.100586,-467.873322,-1213.853882,1.0,1330.2755750786623,495.03969069378905
42,0.104645,-468.353699,-1213.429688,1.0,1245.0840470786625,510.25734169378904
43,0.103394,-468.856689,-1212.976196,1.0,1245.0840470786625,510.25734169378904
44,0.102478,-469.380066,-1212.490356,1.0,1245.0840470786625,510.25734169378904
45,0.10437,-469.934021,-1211.957153,1.0,1281.0513320786622,462.04365769378904
46,0.102478,-470.494507,-1211.394409,1.0,1215.7796030786621,414.43736569378905
47,0.102936,-471.07074,-1210.789307,1.0,1215.7796030786621,414.43736569378905
48,0.104218,-471.664886,-1210.134888,1.0,1215.7796030786621,414.43736569378905
49,0.102844,-472.257202,-1209.446045,1.0,1215.7796030786621,414.43736569378905
50,0.104889,-472.861755,-1208.697754,1.0,1215.7796030786621,414.43736569378905
51,0.102203,-473.444977,-1207.925293,0.0,-70.16363392133769,15.801897693789044
52,0.101593,-474.015045,-1207.114136,1.0,1235.278993078662,382.81621069378906
53,0.10788,-474.611023,-1206.198486,1.0,1199.0800180786623,309.510118693789
54,0.100006,-475.15332,-1205.296143,1.0,1244.0285050786624,392.01460569378906
55,0.100861,-475.686615,-1204.334473,1.0,1216.887147078662,421.16844469378907
56,0.108459,-476.242554,-1203.243652,1.0,1191.1422740786625,427.716082693789
57,0.105835,-476.766754,-1202.125977,1.0,1159.6434950786625,511.65019469378905
58,0.100769,-477.24585,-1201.016968,1.0,1141.7692270786624,493.52382169378905
59,0.10144,-477.706696,-1199.857056,1.0,1119.7229630786624,497.16511769378906
60,0.1008,-478.139435,-1198.662842,1.0,1104.8353890786625,494.63359369378907
61,0.102081,-478.546265,-1197.412842,1.0,1085.4243790786622,503.95930769378907
62,0.105652,-478.928711,-1196.078491,1.0,1058.817811078662,536.933123693789
63,0.105743,-479.268524,-1194.701294,1.0,1039.0599990786623,533.917376693789
64,0.104858,-479.560699,-1193.297852,1.0,1001.4967660786623,509.79579369378905
65,0.105469,-479.816742,-1191.851807,1.0,987.5503550786624,521.970415693789
66,0.105286,-480.049103,-1190.377441,1.0,1025.8251360786621,443.735399693789
67,0.104401,-480.27182,-1188.888184,1.0,943.2489030786624,372.02623269378904
68,0.105316,-480.503815,-1187.362671,1.0,930.1463640786623,367.87321769378906
69,0.106445,-480.761871,-1185.798462,1.0,918.5194710786623,502.047716693789
70,0.105408,-481.053253,-1184.230957,1.0,923.6271370786623,514.3466666937891
71,0.105164,-481.384033,-1182.650757,1.0,922.1936050786624,503.75322169378904
72,0.105438,-481.755249,-1181.050903,1.0,946.6981820786623,537.4424006937891
73,0.103516,-482.154266,-1179.461426,1.0,956.8937390786624,538.508013693789
74,0.103485,-482.584778,-1177.839355,1.0,976.9093640786624,544.046221693789
75,0.102539,-483.038422,-1176.19458,1.0,986.3496720786624,553.4463676937889
76,0.106293,-483.533203,-1174.448486,1.0,995.1333630786622,553.6915456937891
77,0.103424,-484.037018,-1172.714355,1.0,982.6636370786624,550.470049693789
78,0.10614,-484.5672,-1170.935547,1.0,946.9181530786623,506.32881469378907
79,0.10318,-485.089813,-1169.224487,1.0,951.0795300786623,511.150408693789
80,0.100067,-485.600372,-1167.578979,1.0,947.7645280786624,503.739336693789
81,0.100098,-486.110992,-1165.946899,1.0,1363.4693010786623,209.58551269378904
82,0.108185,-486.660187,-1164.192871,1.0,1365.9031380786623,207.86209369378903
83,0.100861,-487.166626,-1162.565674,1.0,1369.9210830786624,207.90336869378905
84,0.100647,-487.664459,-1160.948608,1.0,1144.6563120786623,369.22499369378903
85,0.100708,-488.151337,-1159.336426,1.0,973.7992570786622,527.1419546937891
86,0.100006,-488.620087,-1157.74231,1.0,970.2079480786623,542.0795466937891
87,0.101532,-489.079376,-1156.12915,1.0,959.8881240786624,527.4049246937891
88,0.103485,-489.529083,-1154.490234,1.0,932.3582780786624,541.4898246937889
89,0.10556,-489.969879,-1152.824707,1.0,915.3757950786623,534.131487693789
90,0.102814,-490.388947,-1151.209106,1.0,907.4835830786623,537.3323546937891
91,0.100891,-490.799713,-1149.633545,1.0,918.1807260786624,523.209612693789
92,0.101013,-491.218262,-1148.067749,1.0,942.8765270786623,554.098406693789
93,0.101135,-491.649628,-1146.514038,1.0,949.8721940786623,544.517229693789
94,0.104614,-492.110779,-1144.933228,1.0,918.9840100786623,539.7258476937891
95,0.100922,-492.572968,-1143.440796,1.0,917.8287370786624,528.3283866937891
96,0.100952,-493.056885,-1141.978027,1.0,925.5352800786623,527.634050693789
97,0.101837,-493.571106,-1140.531982,1.0,216.3927010786623,512.3791376937891
98,0.101318,-494.111389,-1139.126831,1.0,273.9947520786623,452.42802669378904
99,0.102081,-494.681396,-1137.758789,1.0,272.43283207866233,455.472429693789
100,0.101074,-495.264343,-1136.463745,1.0,274.9278270786623,443.59343169378906
101,0.100067,-495.851196,-1135.248169,1.0,313.4592910786623,413.567308693789
102,0.100128,-496.446808,-1134.100342,1.0,325.4792800786623,401.623522693789
103,0.101715,-497.05069,-1133.008789,1.0,321.1250320786623,410.60444869378904
104,0.100769,-497.638214,-1132.004517,1.0,324.4549270786623,406.284502693789
105,0.10144,-498.20993,-1131.073364,1.0,316.5124220786623,402.84660569378906
106,0.102203,-498.755341,-1130.213379,1.0,320.7531450786623,399.66331769378905
107,0.103851,-499.276978,-1129.403809,1.0,817.1209730786624,473.16746769378904
108,0.104889,-499.789185,-1128.610596,1.0,1030.0464490786621,499.91658269378905
109,0.103027,-500.283875,-1127.833984,1.0,1033.5658580786621,495.91295069378907
110,0.102478,-500.763062,-1127.060059,1.0,695.7440810786624,427.74009969378903
111,0.102539,-501.226837,-1126.280151,1.0,358.5353710786623,397.18931869378906
112,0.102356,-501.67157,-1125.489868,1.0,354.5574960786623,429.793596693789
113,0.100891,-502.099701,-1124.675415,1.0,377.4500440786623,399.46534969378905
114,0.101349,-502.518921,-1123.81311,1.0,387.2728590786623,399.79353569378907
115,0.104095,-502.93512,-1122.881226,1.0,392.2784440786623,397.13560769378904
116,0.10437,-503.33667,-1121.895142,1.0,1068.5866100786625,447.684404693789
117,0.107574,-503.730713,-1120.824585,1.0,1182.1946420786621,464.99464669378904
118,0.106476,-504.097321,-1119.711182,1.0,1151.0844130786622,460.92070269378905
119,0.104767,-504.431641,-1118.563477,1.0,1138.946595078662,472.09404269378905
120,0.104523,-504.73645,-1117.367432,1.0,1110.7847300786625,474.7483696937891
121,0.104675,-505.010132,-1116.120972,1.0,1142.7997450786625,485.51237769378906
122,0.104706,-505.248657,-1114.825439,1.0,1200.3934950786625,510.40693969378907
123,0.10788,-505.454559,-1113.441406,1.0,1186.0556040786623,502.80314869378907
124,0.108093,-505.619812,-1112.006104,1.0,1096.8256240786623,491.28126769378906
125,0.101227,-505.738739,-1110.618408,1.0,1002.9824840786622,507.002825693789
126,0.107574,-505.828674,-1109.097778,1.0,989.8263560786623,512.6268796937891
127,0.103638,-505.88501,-1107.586792,1.0,394.06881807866233,420.39119169378904
128,0.100494,-505.921326,-1106.078125,1.0,401.1502390786623,422.56270069378905
129,0.109192,-505.947784,-1104.387939,1.0,452.9399430786623,411.82802069378903
130,0.108093,-505.966766,-1102.663452,1.0,512.5249040786623,422.17354069378905
131,0.108002,-505.984711,-1100.890503,1.0,972.2267470786622,525.710894693789
132,0.108063,-506.008423,-1099.066406,1.0,976.7766740786623,538.1080496937891
133,0.108643,-506.042328,-1097.181641,1.0,978.1183480786623,523.998857693789
134,0.108887,-506.086578,-1095.244141,1.0,1059.7282120786622,535.834246693789
135,0.108002,-506.1409,-1093.276245,1.0,1071.8943490786623,506.73390469378904
136,0.100342,-506.206299,-1091.408203,1.0,481.0122080786623,404.1104916937891
137,0.105652,-506.296112,-1089.403809,1.0,424.0070200786623,399.57069669378905
138,0.103363,-506.409851,-1087.406738,1.0,722.6697400786624,431.97090369378907
139,0.101654,-506.550049,-1085.408447,1.0,1386.5492570786623,465.34327969378904
140,0.100372,-506.717316,-1083.402466,1.0,1394.1106580786623,460.94798569378906
141,0.100677,-506.914154,-1081.358887,1.0,1391.0529190786624,462.56465369378907
142,0.109497,-507.161591,-1079.101074,1.0,1078.3421030786621,373.76121769378904
143,0.103668,-507.42514,-1076.930176,1.0,976.2974260786624,334.057085693789
144,0.108368,-507.721436,-1074.627441,1.0,997.6618050786623,353.328630693789
145,0.10083,-508.004028,-1072.451538,1.0,1085.9577040786621,419.27018969378906
146,0.101532,-508.276947,-1070.226807,1.0,1083.5635390786624,442.64732569378907
147,0.105927,-508.528809,-1067.86853,1.0,1083.0167860786623,459.03615069378907
148,0.106781,-508.735687,-1065.454712,1.0,1083.4298720786624,458.01066869378906
149,0.100464,-508.881104,-1063.152588,1.0,1069.5216690786624,448.58622969378905
150,0.10257,-508.980438,-1060.770264,1.0,1064.6644910786622,446.60383869378904
151,0.100403,-509.037903,-1058.406616,1.0,1049.442811078662,437.99150369378907
152,0.107544,-509.069672,-1055.839478,1.0,1056.4973770786623,447.149034693789
153,0.105347,-509.079346,-1053.290894,1.0,1173.0845350786622,489.71623469378903
154,0.10498,-509.071106,-1050.708374,1.0,1434.9898080786625,579.089983693789
155,0.104065,-509.048401,-1048.105347,1.0,1440.8281870786623,577.934954693789
156,0.105591,-509.012573,-1045.422729,1.0,1504.2822890786624,582.576921693789
157,0.103546,-508.962341,-1042.754883,1.0,1085.2000130786623,543.055620693789
158,0.102539,-508.891327,-1040.08313,1.0,1057.1032120786622,506.049791693789
159,0.103088,-508.79306,-1037.375854,1.0,1061.906556078662,501.356188693789
160,0.103333,-508.662628,-1034.641968,1.0,1151.3649300786624,537.5510436937891
161,0.105164,-508.493896,-1031.838379,1.0,1149.6005260786624,535.5158256937891
162,0.104828,-508.289276,-1029.023804,1.0,1149.8085340786624,537.3017756937891
163,0.106598,-508.049347,-1026.140381,1.0,1148.7443250786623,526.1329216937891
164,0.108002,-507.775665,-1023.19751,1.0,1142.8287980786622,516.0102106937891
165,0.106903,-507.466736,-1020.265198,1.0,1141.2056290786622,514.188097693789
166,0.108429,-507.100128,-1017.273804,1.0,1140.4175430786622,501.920916693789
167,0.106964,-506.66095,-1014.31134,1.0,1133.7351700786621,504.78419769378905
168,0.107361,-506.114716,-1011.334412,1.0,1122.5908830786625,505.507372693789
169,0.108063,-505.439697,-1008.347046,1.0,1105.1024790786623,509.34782669378905
170,0.107391,-504.634918,-1005.392822,1.0,941.0990610786623,374.109117693789
171,0.106415,-503.709167,-1002.485596,1.0,936.1895150786623,373.05555969378906
172,0.108032,-502.644958,-999.553528,1.0,982.0773330786623,407.50721969378907
173,0.1073,-501.469299,-996.665344,1.0,1142.1442270786624,464.87025669378903
174,0.104889,-500.210175,-993.868286,1.0,1120.1693740786623,491.22505469378905
175,0.102386,-498.877075,-991.167236,1.0,1109.1591200786625,481.43321469378907
176,0.101349,-497.456512,-988.52594,1.0,1098.6430070786623,339.58531469378903
177,0.100311,-495.951538,-985.947571,1.0,992.6749890786624,447.95198269378903
178,0.103821,-494.292816,-983.321594,1.0,1069.0380260786624,351.64418269378905
179,0.104492,-492.520813,-980.722656,1.0,977.8810440786623,308.90077469378906
180,0.103638,-490.667999,-978.191956,1.0,901.6098040786624,211.45921569378905
181,0.10849,-488.628723,-975.592773,1.0,1120.5861220786624,386.016039693789
182,0.100525,-486.652283,-973.235352,1.0,1105.8869030786623,407.43507669378903
183,0.110077,-484.398346,-970.706787,1.0,1113.1978160786625,419.90492469378904
184,0.101562,-482.250214,-968.414551,1.0,1106.9926160786622,420.44145469378907
185,0.102234,-480.03537,-966.136719,1.0,1103.1255510786623,430.873796693789
186,0.101929,-477.783722,-963.88501,1.0,1106.4516000786625,447.64088669378907
187,0.100433,-475.532776,-961.679932,1.0,1117.0516980786624,433.533892693789
188,0.101105,-473.23587,-959.468567,1.0,1212.3202530786625,463.28837869378907
189,0.10968,-470.694458,-957.097778,1.0,1219.8395400786621,475.05256869378906
190,0.108795,-468.092682,-954.810303,1.0,924.4141250786623,323.56801069378906
191,0.109253,-465.383759,-952.605408,1.0,936.9848650786623,344.14192469378906
192,0.109436,-462.568268,-950.506226,1.0,1260.6002820786625,469.869066693789
193,0.107056,-459.717102,-948.562561,1.0,1241.1428850786624,473.94005069378903
194,0.108459,-456.737305,-946.706909,1.0,1220.7655650786623,476.87794769378905
195,0.106628,-453.726013,-944.992126,1.0,1358.8389290786622,435.42073269378903
196,0.109406,-450.557861,-943.344666,1.0,1346.4318250786623,438.023424693789
197,0.110748,-447.275299,-941.793823,1.0,1412.466493078662,316.75486969378903
198,0.100342,-444.239471,-940.493713,1.0,1417.9935930786623,316.81001569378907
199,0.104126,-441.031738,-939.255798,1.0,1466.5764780786621,311.50856269378903
200,0.104401,-437.759674,-938.134827,1.0,1331.1276260786622,415.671007693789
201,0.104645,-434.423248,-937.127869,1.0,1167.7227190786625,509.04313869378905
202,0.106689,-430.969666,-936.20929,1.0,1143.9359750786625,506.14802769378906
203,0.108826,-427.398315,-935.379578,1.0,1112.790834078662,524.2961906937891
204,0.106873,-423.848419,-934.671265,1.0,1086.0018930786623,516.567461693789
205,0.107269,-420.25119,-934.067566,1.0,1071.2461560786624,494.11885369378905
206,0.110352,-416.523071,-933.557617,1.0,1064.3180550786624,471.30589569378907
207,0.108032,-412.851624,-933.16571,1.0,1021.3401500786623,372.85304469378906
208,0.107483,-409.183655,-932.870361,1.0,999.8121960786624,468.139330693789
209,0.111633,-405.376129,-932.626709,1.0,965.7826550786623,433.27742269378905
210,0.107819,-401.718781,-932.415649,1.0,968.2785050786623,446.064714693789
211,0.107117,-398.109039,-932.200073,1.0,969.3352670786622,464.94597069378904
212,0.108368,-394.48233,-931.948792,1.0,1135.9999400786623,336.78816469378904
213,0.108551,-390.878601,-931.646667,1.0,1376.0170300786622,175.55218769378905
214,0.109924,-387.256592,-931.291809,1.0,1080.9375620786623,397.88212869378907
215,0.107025,-383.755646,-930.912537,1.0,1011.0278940786624,505.28865269378906
216,0.107483,-380.263397,-930.512146,1.0,1018.9822400786624,504.90465069378905
217,0.10788,-376.78186,-930.102112,1.0,974.4397600786623,503.07524369378905
218,0.106628,-373.352112,-929.702942,1.0,960.1696180786622,522.9251576937891
219,0.107666,-369.883392,-929.327148,1.0,956.0250870786623,508.82286369378903
220,0.108734,-366.366425,-928.988647,1.0,949.4622820786623,486.42491369378905
221,0.11145,-362.746399,-928.686096,1.0,1061.0199600786623,480.69893169378906
222,0.107758,-359.229218,-928.43158,1.0,1151.2562880786622,467.205767693789
223,0.107147,-355.719269,-928.213196,1.0,1022.2555550786623,498.17424269378904
224,0.107635,-352.180847,-928.02356,1.0,1020.1597300786624,513.4411186937891
225,0.106537,-348.666382,-927.861328,1.0,1020.2907120786623,527.9138976937891
226,0.107727,-345.101471,-927.726013,1.0,976.4318250786622,483.76323169378907
227,0.107239,-341.540222,-927.626404,1.0,980.4633190786623,480.43882969378905
228,0.105469,-338.026276,-927.563293,1.0,979.3023080786623,484.33268969378906
229,0.10788,-334.422028,-927.528137,1.0,969.9774790786622,483.03550969378904
230,0.111664,-330.679199,-927.515442,1.0,933.3908700786623,411.17030569378903
231,0.106445,-327.102234,-927.515686,1.0,904.3953260786623,345.70476069378907
232,0.108307,-323.452515,-927.512817,1.0,949.8544320786623,456.020769693789
233,0.10318,-319.966248,-927.494568,1.0,963.2405410786622,514.7308836937891
234,0.102264,-316.501404,-927.454712,1.0,972.3674940786624,498.80806269378905
235,0.103882,-312.973602,-927.390869,1.0,981.1858530786623,487.021624693789
236,0.10614,-309.360992,-927.303528,1.0,989.3937390786624,497.79469569378904
237,0.106476,-305.728424,-927.197327,1.0,983.1417860786622,495.26832869378904
238,0.105774,-302.110748,-927.076477,1.0,992.0310680786623,501.15129369378906
239,0.10495,-298.513336,-926.944458,1.0,988.3462540786624,475.90648169378903
240,0.10376,-294.947937,-926.808167,1.0,995.4539200786622,483.89033769378904
241,0.103485,-291.38443,-926.672241,1.0,994.1984270786623,465.18922669378907
242,0.112122,-287.514282,-926.529053,1.0,994.9312150786624,461.072618693789
243,0.102448,-283.969666,-926.405579,1.0,986.1205460786624,461.808031693789
244,0.10376,-280.371765,-926.290039,1.0,996.4209610786623,452.156755693789
245,0.105804,-276.694092,-926.183472,1.0,1003.1897600786623,461.64805869378904
246,0.10733,-272.954803,-926.089172,1.0,1004.6212780786624,472.94377369378907
247,0.107758,-269.191315,-926.011841,1.0,1005.8324600786624,478.14360269378903
248,0.107147,-265.441864,-925.954956,1.0,993.9833390786622,482.68944069378904
249,0.107422,-261.674103,-925.920105,1.0,985.2243050786623,484.80906969378907
250,0.107147,-257.909241,-925.908936,1.0,986.4025280786624,490.18055969378906
251,0.108765,-254.078445,-925.921509,1.0,979.1846330786624,528.775957693789
252,0.106079,-250.335266,-925.951294,1.0,967.6957410786623,520.7162956937891
253,0.107086,-246.550049,-925.992554,1.0,961.9835830786623,520.982225693789
254,0.104614,-242.844482,-926.039124,1.0,962.2203990786624,522.790514693789
255,0.101471,-239.243118,-926.085022,1.0,958.1581430786624,515.0692316937891
256,0.102173,-235.611923,-926.129578,1.0,965.5324110786622,504.668596693789
257,0.101746,-231.988571,-926.170715,1.0,843.5321670786623,516.6944756937891
258,0.101318,-228.374084,-926.208679,1.0,832.5774550786623,514.577135693789
259,0.104523,-224.639343,-926.246155,1.0,895.7572030786623,498.77885669378907
260,0.103729,-220.927322,-926.283325,1.0,1023.1753550786624,444.14631869378906
261,0.101929,-217.272034,-926.320068,1.0,1023.1753550786624,444.14631869378906
262,0.103027,-213.572815,-926.356628,1.0,952.4122940786623,433.793261693789
263,0.10379,-209.839096,-926.391846,1.0,957.1315320786624,485.507463693789
264,0.101318,-206.188766,-926.422913,1.0,970.7837540786624,454.119066693789
265,0.103424,-202.457687,-926.450256,1.0,1273.0724500786623,199.86737269378904
266,0.103241,-198.726593,-926.472717,1.0,1378.7476210786622,145.69519269378904
267,0.106903,-194.857269,-926.490662,1.0,1220.5767220786624,295.769731693789
268,0.10849,-190.92482,-926.502136,1.0,1007.5465710786624,576.640947693789
269,0.107941,-187.005936,-926.505981,1.0,1016.1178600786624,558.8950376937889
270,0.10672,-183.125412,-926.500732,1.0,1006.2880260786623,560.826677693789
271,0.104431,-179.323242,-926.485779,1.0,986.4140030786624,571.0045346937891
272,0.10376,-175.539612,-926.460327,1.0,994.2946180786622,568.9152396937891
273,0.103546,-171.759125,-926.424316,1.0,996.0176400786623,562.607927693789
274,0.102356,-168.016403,-926.378967,1.0,999.6096810786622,564.852861693789
275,0.106232,-164.127014,-926.322144,1.0,1008.6550920786623,623.0319396937891
276,0.106354,-160.228714,-926.257385,1.0,1010.2083140786623,601.390581693789
277,0.108856,-156.233185,-926.1875,1.0,1017.1367810786622,590.5249806937891
278,0.108124,-152.25943,-926.118408,1.0,1022.5360730786623,609.4674246937891
279,0.108521,-148.264938,-926.057129,1.0,1023.1818250786622,613.458391693789
280,0.110474,-144.193253,-926.012878,1.0,995.3906870786624,568.4480156937891
281,0.111145,-140.091934,-925.993652,1.0,991.2937630786622,560.7350646937891
282,0.108002,-136.100769,-926.000244,1.0,991.1056530786624,552.2148616937891
283,0.108093,-132.102615,-926.029053,1.0,989.0211800786623,540.6050596937891
284,0.10675,-128.148544,-926.075073,1.0,982.2603160786624,527.803789693789
285,0.106262,-124.208923,-926.132263,1.0,985.5751360786622,515.753374693789
286,0.108154,-120.194107,-926.197449,1.0,978.7662980786623,504.49760669378907
287,0.108856,-116.148552,-926.267883,1.0,973.2179580786623,498.106707693789
288,0.108154,-112.12442,-926.340454,1.0,974.4032610786622,499.68666369378906
289,0.105957,-108.177933,-926.406189,1.0,971.6317760786623,488.2639946937891
290,0.105957,-104.227592,-926.451111,1.0,937.0416270786623,499.93501569378907
291,0.10495,-100.309387,-926.462891,1.0,946.0891130786623,499.71592969378906
292,0.109009,-96.236008,-926.430786,1.0,956.7813120786624,493.72529869378906
293,0.109558,-92.138794,-926.347534,1.0,974.4924940786624,495.879198693789
294,0.109894,-88.025871,-926.213684,1.0,973.0943010786624,500.23155469378906
295,0.108948,-83.945541,-926.039246,1.0,989.1104140786623,517.027697693789
296,0.108948,-79.862823,-925.840393,1.0,994.9569710786624,505.28877469378904
297,0.109924,-75.740463,-925.629456,1.0,993.8007210786624,507.503771693789
298,0.110992,-71.57283,-925.415405,1.0,994.4229140786623,498.230242693789
299,0.108856,-67.481911,-925.210022,1.0,996.8997200786622,502.09379869378904
300,0.111023,-63.305737,-925.005066,1.0,997.7548230786623,495.45710969378905
301,0.111237,-59.116314,-924.80304,1.0,1002.0717180786622,490.941606693789
302,0.112396,-54.87986,-924.604004,1.0,1011.9802870786624,494.57014769378907
303,0.111267,-50.681873,-924.423584,1.0,1003.2782610786622,513.6873956937891
304,0.110809,-46.495083,-924.272766,1.0,1002.9369520786623,470.68196369378904
305,0.111145,-42.291443,-924.160217,1.0,1338.8988660786622,204.22484069378905
306,0.110443,-38.109554,-924.091919,1.0,1339.3449110786623,194.11455069378906
307,0.111359,-33.889065,-924.065552,1.0,1006.9723520786623,505.814043693789
308,0.107117,-29.826727,-924.073547,1.0,1005.9433000786622,515.684984693789
309,0.108002,-25.726349,-924.107483,1.0,1013.3057260786624,530.0352346937891
310,0.108124,-21.618811,-924.161926,1.0,1014.9747940786623,531.079363693789
311,0.107422,-17.535686,-924.234253,1.0,960.6600960786624,518.9416376937891
312,0.107178,-13.459089,-924.32019,1.0,958.7643450786624,510.18016269378904
313,0.105438,-9.445383,-924.40979,1.0,957.5221570786624,489.23073069378904
314,0.107422,-5.353358,-924.498108,1.0,951.8237320786623,486.861162693789
315,0.108246,-1.226265,-924.578369,1.0,954.9586800786623,510.56328069378907
316,0.103699,2.730341,-924.645081,1.0,961.5109270786623,481.41969569378904
317,0.10614,6.782695,-924.702881,1.0,962.0158090786623,488.02504269378903
318,0.108093,10.912623,-924.752075,1.0,968.5128800786623,480.68016269378904
319,0.103821,14.881573,-924.793274,1.0,976.3236710786624,469.56074769378904
320,0.101044,18.747822,-924.830261,1.0,973.2075820786623,486.14824169378903
321,0.102966,22.689482,-924.867493,1.0,825.5193490786623,84.32628169378904
322,0.104492,26.692251,-924.906128,1.0,1011.9672250786624,-98.89218630621096
323,0.112854,31.017126,-924.948914,1.0,966.6704720786623,499.76310969378903
324,0.102173,34.935852,-924.988342,1.0,952.2677620786623,434.265795693789
325,0.102356,38.864445,-925.027893,1.0,960.8988660786623,449.23326369378907
326,0.103149,42.824657,-925.067444,1.0,963.8214730786623,463.41270669378906
327,0.111908,47.124893,-925.109802,1.0,965.9082650786623,472.04863269378905
328,0.101715,51.034969,-925.148071,1.0,963.8402720786622,477.39418269378905
329,0.100189,54.888931,-925.185791,1.0,965.4673470786623,500.49940769378907
330,0.112549,59.220028,-925.22821,1.0,964.1143200786622,508.963152693789
331,0.100067,63.0742,-925.266052,1.0,969.8480850786624,511.394213693789
332,0.101318,66.977554,-925.304749,1.0,968.9301160786623,501.22004969378906
333,0.100769,70.861534,-925.342712,1.0,974.7589730786623,484.607042693789
334,0.100586,74.740639,-925.377808,1.0,977.5880750786622,499.277544693789
335,0.102112,78.681847,-925.408325,1.0,968.3561410786623,507.03547969378906
336,0.100861,82.575043,-925.431641,1.0,963.1818250786622,498.35887369378906
337,0.102112,86.519501,-925.446899,1.0,958.9440320786624,485.23515569378907
338,0.101135,90.4272,-925.452698,1.0,956.0258190786623,468.41658269378905
339,0.103088,94.412743,-925.448486,1.0,962.6942760786623,489.74464669378904
340,0.104645,98.460503,-925.433289,1.0,976.9176650786623,490.26924369378906
341,0.102417,102.42392,-925.408997,1.0,912.9633800786623,439.7552366937891
342,0.104034,106.452507,-925.377441,1.0,903.5324110786623,371.19331569378903
343,0.103912,110.476814,-925.34137,1.0,1043.2432260786622,383.90034769378906
344,0.103729,114.495972,-925.304016,1.0,1000.2713030786623,415.39869969378907
345,0.102295,118.461266,-925.268738,1.0,989.3873910786623,438.30232469378905
346,0.102386,122.433121,-925.238953,1.0,953.6669320786623,323.65318569378906
347,0.101929,126.387085,-925.217773,1.0,922.9468400786623,228.37367469378904
348,0.100586,130.292267,-925.20752,1.0,903.4072280786623,249.52630869378905
349,0.10083,134.207581,-925.209045,1.0,923.8258680786623,245.15968569378904
350,0.101135,138.136124,-925.226807,1.0,932.9487930786623,447.37022669378905
351,0.101135,142.065765,-925.268188,1.0,926.4567880786623,470.936113693789
352,0.101044,145.993622,-925.339539,1.0,925.2883310786623,482.809221693789
353,0.101624,149.944382,-925.440857,1.0,925.3263560786623,479.53010769378903
354,0.101898,153.90715,-925.564087,1.0,918.8009050786623,477.44557469378907
355,0.101044,157.836777,-925.694885,1.0,919.9349990786623,470.94035569378906
356,0.100952,161.765213,-925.820862,1.0,921.9946910786623,473.987017693789
357,0.101685,165.72438,-925.933289,1.0,914.6624770786623,474.86403169378906
358,0.100403,169.634705,-926.026123,1.0,916.7493300786623,470.551683693789
359,0.101746,173.599625,-926.105713,1.0,918.6301890786623,462.31697369378907
360,0.103027,177.615967,-926.178284,1.0,917.3229990786623,452.20936869378903
361,0.104004,181.670914,-926.246582,1.0,955.7083140786623,436.29933469378904
362,0.107819,185.877075,-926.311584,1.0,957.8500380786624,433.70707969378907
363,0.10672,190.041489,-926.366455,1.0,927.2802750786623,447.43150569378906
364,0.108032,194.259384,-926.40741,1.0,928.8769540786623,451.185778693789
365,0.108276,198.487518,-926.429321,1.0,927.5478530786623,442.92131269378905
366,0.107178,202.67392,-926.43512,1.0,936.4819960786623,478.15425369378903
367,0.106201,206.824341,-926.433228,1.0,960.7008680786622,461.440325693789
368,0.105255,210.938904,-926.429993,1.0,951.6969620786623,458.85743969378905
369,0.106079,215.086487,-926.430176,1.0,958.3700570786624,474.952776693789
370,0.108551,219.332596,-926.434814,1.0,965.0565810786624,487.75972269378906
371,0.104736,223.431534,-926.44281,1.0,969.6227430786622,500.20640769378906
372,0.105774,227.570496,-926.451477,1.0,962.7887590786623,499.90111069378906
373,0.108917,231.834457,-926.459229,1.0,959.9891980786623,501.49464669378904
374,0.107361,236.039597,-926.464722,1.0,964.5564590786622,524.952990693789
375,0.109131,240.31337,-926.468689,1.0,966.6802380786622,525.4304686937891
376,0.106049,244.464554,-926.472229,1.0,969.2688610786623,522.534838693789
377,0.105438,248.579514,-926.476013,1.0,969.7865610786622,512.9937306937891
378,0.104462,252.64035,-926.480713,1.0,961.7587290786622,508.15284969378905
379,0.104187,256.665344,-926.486084,1.0,961.5963760786623,491.04847969378903
380,0.10498,260.69455,-926.491638,1.0,970.5537730786624,486.22215569378903
381,0.104401,264.673004,-926.497131,1.0,969.6870740786622,485.63353269378905
382,0.104645,268.632172,-926.502075,1.0,867.5424820786623,420.49177769378906
383,0.102966,272.503448,-926.505981,1.0,856.2117930786623,392.84010569378904
384,0.103394,276.365082,-926.508362,1.0,858.2008680786623,428.233171693789
385,0.10379,280.215088,-926.508179,1.0,905.2525040786624,427.78950769378906
386,0.104126,284.05249,-926.504211,1.0,952.5910660786623,437.05513269378906
387,0.103271,287.838806,-926.495728,1.0,924.9768080786623,435.06032069378904
388,0.103455,291.621246,-926.482117,1.0,929.9296280786623,427.850359693789
389,0.103302,295.393585,-926.463318,1.0,944.0438240786623,419.05409469378907
390,0.109863,299.406494,-926.437805,1.0,931.1155410786623,413.90721369378906
391,0.109436,303.408142,-926.407104,1.0,951.9908460786623,418.71791369378906
392,0.111755,307.500092,-926.370544,1.0,951.3799450786623,379.007708693789
393,0.109467,311.512238,-926.329651,1.0,923.0409560786624,377.495104693789
394,0.110992,315.585724,-926.283325,1.0,955.0338760786623,402.31984169378904
395,0.109863,319.623199,-926.233948,1.0,955.3489390786623,406.50721969378907
396,0.1091,323.638062,-926.185425,1.0,911.8764050786623,383.02116669378904
397,0.108826,327.647888,-926.144958,1.0,956.2096570786624,412.524034693789
398,0.108887,331.666199,-926.118103,1.0,938.4993910786623,449.82374869378907
399,0.108337,335.668579,-926.109009,1.0,966.2107560786623,437.78816469378904
400,0.109283,339.710999,-926.119446,1.0,958.8995980786623,440.19441469378904
401,0.109406,343.762299,-926.149353,1.0,956.1356820786624,446.17085569378906
402,0.10965,347.827728,-926.196472,1.0,947.4957290786623,455.71266469378907
403,0.106903,351.795776,-926.254761,1.0,944.6989150786623,470.73698669378905
404,0.107025,355.773285,-926.321533,1.0,951.6989150786623,488.89055169378906
405,0.10675,359.743958,-926.392456,1.0,964.6093150786622,511.74421969378903
406,0.104126,363.621704,-926.46167,1.0,964.0541390786624,434.59428669378906
407,0.102997,367.460571,-926.52478,1.0,964.0541390786624,434.59428669378906
408,0.10318,371.312286,-926.578308,1.0,936.7372450786623,441.63020569378904
409,0.111359,375.472198,-926.621887,1.0,587.6337290786623,417.41987869378903
410,0.10675,379.464874,-926.647949,1.0,388.75039807866233,339.84633169378907
411,0.107391,383.485504,-926.657898,1.0,326.5575570786623,328.57869169378904
412,0.105652,387.444611,-926.651367,1.0,1010.6654680786622,475.66630769378907
413,0.104065,391.348969,-926.62561,1.0,1012.8764050786623,510.20295969378907
414,0.103851,395.248077,-926.576416,1.0,980.6587540786624,515.605516693789
415,0.104034,399.156464,-926.500732,1.0,978.7639780786623,546.525652693789
416,0.10556,403.126495,-926.393982,1.0,991.9645400786623,509.36424469378903
417,0.104797,407.069672,-926.258545,1.0,991.0923470786623,530.1198906937891
418,0.103851,410.980103,-926.107849,1.0,970.7612930786623,493.30293569378904
419,0.104218,414.907257,-925.961731,1.0,967.1455700786622,487.94853469378904
420,0.108093,418.976166,-925.835999,1.0,963.7416390786624,438.6973746937891
421,0.106506,422.972839,-925.749207,1.0,956.3690810786624,452.152208693789
422,0.107605,426.994354,-925.702698,1.0,965.8505260786623,438.40162869378906
423,0.107361,430.985291,-925.694458,1.0,936.7213150786623,426.45082369378906
424,0.106598,434.920898,-925.717224,1.0,920.5243540786623,431.60194669378905
425,0.104431,438.749054,-925.756226,1.0,856.4136370786623,408.97722069378904
426,0.103851,442.514648,-925.799011,1.0,827.3106700786623,397.60219069378905
427,0.104218,446.215485,-925.839661,1.0,811.4426280786623,421.04078969378907
428,0.104004,449.832672,-925.875305,1.0,785.6990370786623,416.943926693789
429,0.110931,453.590363,-925.905212,1.0,807.5220960786623,424.88844569378904
430,0.109833,457.208954,-925.924683,1.0,596.3574840786623,467.06062569378906
431,0.108887,460.689026,-925.917664,1.0,572.1175550786623,426.478441693789
432,0.112274,464.174622,-925.827332,1.0,561.2372450786623,426.11335969378905
433,0.11145,467.546051,-925.607483,1.0,528.3004770786623,470.72935769378904
434,0.105835,470.659271,-925.263672,1.0,606.2320570786624,463.03978269378905
435,0.10788,473.745911,-924.773682,1.0,622.9262100786623,455.205950693789
436,0.108154,476.747894,-924.155029,1.0,656.6409310786623,443.10951469378904
437,0.103668,479.53363,-923.463928,1.0,667.1440440786623,393.03178669378906
438,0.103485,482.22348,-922.69104,1.0,694.6539320786624,307.734362693789
439,0.108521,484.940369,-921.801758,1.0,717.2794810786623,290.409929693789
440,0.110596,487.598145,-920.814636,1.0,786.9926770786623,293.004808693789
441,0.103394,489.975281,-919.817505,1.0,804.1436170786623,284.55977169378906
442,0.101532,492.207642,-918.771179,1.0,764.2370010786623,303.25486969378903
443,0.100861,494.323456,-917.67627,1.0,905.6713270786623,379.30946569378904
444,0.101318,496.348175,-916.529602,1.0,906.4465340786624,288.74299869378905
445,0.101501,498.290527,-915.332703,1.0,971.5607310786623,294.22093469378905
446,0.111206,500.321014,-913.960876,1.0,856.9656380786623,377.41005169378906
447,0.111694,502.294922,-912.545532,1.0,896.9586800786623,343.98970269378907
448,0.104401,504.033051,-911.243225,1.0,928.2781990786623,321.71266469378907
449,0.101257,505.55899,-909.980469,1.0,916.1239030786624,410.22600069378905
450,0.106873,507.023682,-908.570068,1.0,920.7608040786623,314.94291969378907
451,0.103851,508.320251,-907.13855,1.0,925.6222550786623,296.09221169378907
452,0.109344,509.585388,-905.594177,1.0,851.3745130786623,397.78676069378906
453,0.104767,510.716949,-904.113403,1.0,851.6264660786624,394.104906693789
454,0.10675,511.784332,-902.624512,1.0,872.6543590786623,446.29088069378906
455,0.109161,512.774475,-901.12085,1.0,867.9275530786623,526.5693846937891
456,0.111786,513.67041,-899.587402,1.0,886.9262100786623,536.4664486937891
457,0.112,514.444519,-898.042725,1.0,308.73098907866233,394.61604569378903
458,0.107483,515.068359,-896.55127,1.0,364.5796220786623,391.541796693789
459,0.103912,515.564941,-895.113098,1.0,449.7709970786623,306.69688669378905
460,0.101074,515.953308,-893.734314,1.0,449.7709970786623,306.69688669378905
461,0.100433,516.255249,-892.396423,1.0,530.5947890786623,227.74507369378904
462,0.111694,516.503967,-890.958679,1.0,497.86053607866234,333.44746669378907
463,0.112427,516.666504,-889.567627,1.0,487.7261370786623,281.350176693789
464,0.108246,516.736206,-888.280151,1.0,417.1840530786623,320.87849669378903
465,0.108032,516.71582,-887.041016,1.0,461.65033107866236,338.07756269378905
466,0.106323,516.601257,-885.86377,1.0,477.45837507866236,317.94502469378904
467,0.108154,516.387512,-884.711792,1.0,564.3101820786624,333.85499869378907
468,0.108368,516.079224,-883.611023,1.0,271.10101407866233,307.36427569378907
469,0.103394,515.701782,-882.618469,1.0,331.4264840786623,349.438524693789
470,0.103333,515.250366,-881.689575,1.0,353.8274240786623,315.548754693789
471,0.103485,514.72998,-880.828674,1.0,398.82843107866233,319.43635769378903
472,0.102844,514.14978,-880.046997,1.0,833.6298230786623,306.8021116937891
473,0.107025,513.48584,-879.318359,1.0,900.0663460786623,328.68821969378905
474,0.10144,512.804932,-878.71405,1.0,911.9051530786624,325.86525169378905
475,0.105316,512.052185,-878.180847,1.0,727.2904680786623,382.3315606937891
476,0.101379,511.291412,-877.761353,1.0,762.4036270786623,408.15608469378907
477,0.107147,510.456207,-877.421387,1.0,805.8818370786623,394.34126569378907
478,0.10788,509.590912,-877.188782,1.0,883.8000500786623,393.24702669378905
479,0.107727,508.711578,-877.067566,1.0,957.1323870786624,388.83967869378904
480,0.10791,507.824219,-877.052063,1.0,997.7147840786623,387.87803869378905
481,0.107361,506.940002,-877.139221,1.0,1343.281556078662,494.08531469378903
482,0.103302,506.087219,-877.313965,1.0,1355.5868540786623,500.61824269378906
483,0.105103,505.2164,-877.578674,1.0,1288.2118540786623,470.05122669378903
484,0.111084,504.287018,-877.937134,1.0,1129.1149300786624,428.279955693789
485,0.10144,503.421204,-878.317749,1.0,1168.6856090786623,403.9432546937891
486,0.110016,502.447784,-878.767517,1.0,1194.8048720786624,390.99205269378905
487,0.109589,501.432281,-879.23291,1.0,1233.8815320786625,382.25129969378906
488,0.108612,500.382568,-879.676086,1.0,1259.3687150786623,396.01817569378903
489,0.10907,499.299835,-880.058777,1.0,1241.5833140786622,397.69996869378906
490,0.106201,498.225128,-880.340149,1.0,1168.684022078662,359.74537869378906
491,0.107056,464.594696,-925.75,1.0,1214.173402078662,388.57661669378905
492,0.103271,464.599609,-925.726868,1.0,1219.5343640786623,363.85856869378904
493,0.108643,464.597687,-925.716309,1.0,1081.2092910786623,476.23982469378905
494,0.100006,464.594543,-925.728577,1.0,1222.9481820786623,453.89143669378905
495,0.100372,464.605835,-925.74884,1.0,1050.0713510786622,469.314470693789
496,0.109741,464.666992,-925.785339,1.0,979.9009410786624,410.236772693789
497,0.101013,464.779297,-925.837036,1.0,980.2565320786624,410.91255469378905
498,0.109894,464.9534,-925.920776,1.0,975.8527230786623,416.753588693789
499,0.104279,465.155334,-926.028809,1.0,938.9388440786623,421.399279693789
500,0.108704,465.397156,-926.17218,1.0,918.8125620786623,435.55955769378903
501,0.100525,465.652161,-926.333069,1.0,886.9340830786623,456.54161369378903
502,0.110291,465.9711,-926.540771,1.0,778.5055550786623,494.09446969378905
503,0.102386,466.305786,-926.764038,1.0,827.2820450786623,427.061296693789
504,0.104126,466.683441,-927.019958,1.0,843.7485970786623,318.89540369378904
505,0.104126,467.097717,-927.304688,1.0,816.2669690786623,344.619402693789
506,0.101135,467.534882,-927.605286,1.0,803.9656380786623,487.74196069378905
507,0.100586,468.005157,-927.92334,1.0,791.9579480786623,493.984453693789
508,0.10733,468.5495,-928.27771,1.0,750.9210830786623,439.88707269378904
509,0.107788,469.145782,-928.637268,1.0,775.7185070786624,328.45289869378905
510,0.109283,469.805237,-928.985962,1.0,869.8901380786623,257.05989369378904
511,0.108124,470.510834,-929.293152,1.0,902.7965710786623,287.23131069378906
512,0.106201,471.25061,-929.536255,1.0,891.9763810786623,267.82121569378904
513,0.100739,471.986176,-929.698914,1.0,906.0155650786623,281.124987693789
514,0.105194,472.77533,-929.787048,1.0,728.9577040786623,334.39375569378905
515,0.102509,473.550812,-929.784729,1.0,621.9595960786623,377.380053693789
516,0.103088,474.325439,-929.690735,1.0,658.8321550786623,328.23839069378903
517,0.101471,475.072479,-929.507446,1.0,243.6869210786623,291.28300769378905
518,0.108307,475.843201,-929.214233,1.0,128.6024180786623,320.42314369378903
519,0.108734,476.582123,-928.821289,1.0,330.62289607866234,338.35521169378904
520,0.107361,477.27533,-928.336914,1.0,431.3327040786623,326.931139693789
521,0.105133,477.909821,-927.77417,1.0,502.0829480786623,339.12300369378903
522,0.109711,478.51712,-927.100281,1.0,586.7926650786623,342.17927769378906
523,0.105103,479.038666,-926.377197,1.0,663.6336070786623,361.494402693789
524,0.100159,479.47403,-925.623657,1.0,696.2186290786623,376.96525869378905
525,0.101318,479.846252,-924.804565,1.0,768.5994280786623,380.87553669378906
526,0.105835,480.154205,-923.898071,1.0,742.5073870786623,427.61183469378904
527,0.103485,480.37262,-922.968079,1.0,794.8739030786624,408.44954169378906
528,0.102905,480.507507,-922.005127,1.0,883.8347180786623,381.247240693789
529,0.105865,480.575745,-920.980164,1.0,872.5125130786623,401.10530369378904
530,0.100769,480.597015,-919.970093,1.0,919.7495130786623,414.16908569378904
531,0.101868,480.601196,-918.908447,1.0,964.3209850786624,434.239428693789
532,0.1026,480.610931,-917.796753,1.0,995.2781380786622,474.89457969378907
533,0.103485,480.645294,-916.63324,1.0,996.3587050786624,451.379625693789
534,0.102478,480.714966,-915.445251,1.0,997.6370250786623,445.92723369378905
535,0.103271,480.822784,-914.212524,1.0,1004.2201550786623,519.362505693789
536,0.105469,480.970459,-912.914856,1.0,1046.1318980786623,482.719164693789
537,0.104218,481.1521,-911.592834,1.0,1116.6190810786625,488.476458693789
538,0.105988,481.372986,-910.206177,1.0,987.2477430786622,346.682421693789
539,0.10437,481.62677,-908.800354,1.0,925.8767710786623,314.70814769378904
540,0.106415,481.923004,-907.326355,1.0,917.7666030786623,312.60392969378904
541,0.100891,482.237427,-905.891174,1.0,930.7562880786624,436.709551693789
542,0.102448,482.589447,-904.396179,1.0,904.4875500786623,422.066179693789
543,0.104858,482.981628,-902.825806,1.0,895.4396370786623,409.44639869378904
544,0.108582,483.418762,-901.154846,1.0,848.3407610786624,420.65651169378907
545,0.108215,483.877533,-899.441345,1.0,852.9043590786623,404.34883369378906
546,0.103394,484.325409,-897.756653,1.0,846.0787370786624,416.87855769378905
547,0.103241,484.767395,-896.026001,1.0,811.5079970786624,1179.075579693789
548,0.10199,485.182922,-894.26825,1.0,803.7767960786623,323.363237693789
549,0.102112,485.564209,-892.461853,1.0,880.5467540786623,435.20295969378907
550,0.100281,485.892151,-890.644104,1.0,859.4469620786623,371.55000569378905
551,0.110992,486.189636,-888.584229,1.0,779.1933000786623,346.37132469378906
552,0.102081,486.395325,-886.648743,1.0,841.7196060786623,333.09919969378905
553,0.100189,486.528778,-884.713928,1.0,844.6613170786624,395.941088693789
554,0.106903,486.594391,-882.614075,1.0,871.5510880786624,353.78264069378906
555,0.107422,486.587402,-880.46875,1.0,814.1596080786624,385.30421669378904
556,0.104858,486.527283,-878.338257,1.0,831.5228890786623,383.59334069378906
557,0.105316,486.436646,-876.158875,1.0,991.1615610786622,375.12742869378906
558,0.104919,486.341431,-873.945557,1.0,1002.7444470786623,379.90690869378903
559,0.105499,486.26123,-871.683289,1.0,1009.9939590786622,380.58589469378904
560,0.106873,486.206238,-869.354126,1.0,990.2518930786624,380.17738569378906
561,0.107117,486.17865,-866.983582,1.0,998.6577770786622,365.23240869378907
562,0.108398,486.179474,-864.548706,1.0,995.0497450786623,355.72764869378904
563,0.108856,486.217133,-862.068115,1.0,1005.0209360786622,381.4161246937891
564,0.106812,486.306793,-859.600647,1.0,973.8314830786622,399.30955769378903
565,0.107269,486.464539,-857.095032,1.0,954.5142220786623,407.59105169378904
566,0.109802,486.703796,-854.505615,1.0,927.9637460786623,407.563097693789
567,0.110352,487.014465,-851.872498,1.0,900.9490370786623,389.08143869378904
568,0.110504,487.366119,-849.196777,1.0,876.9493420786623,394.71022269378904
569,0.100555,487.694183,-846.717407,1.0,874.6683360786623,387.899034693789
570,0.100739,488.010925,-844.193726,1.0,878.2996230786623,383.13438669378905
571,0.102905,488.30838,-841.578979,1.0,899.7313860786624,398.947618693789
572,0.101898,488.568359,-838.962769,1.0,874.6966570786623,386.87477369378905
573,0.103607,488.798126,-836.276367,1.0,866.6296400786623,350.35664669378906
574,0.101746,488.992157,-833.614441,1.0,902.3800060786623,391.642595693789
575,0.100616,489.143036,-830.957642,1.0,890.7446910786623,390.373613693789
576,0.110657,489.243896,-828.008179,1.0,911.9168100786624,411.49592869378904
577,0.105408,489.267395,-825.172729,1.0,942.2202160786624,400.92769069378903
578,0.105225,489.222595,-822.319458,1.0,947.4562390786623,395.694780693789
579,0.103943,489.128448,-819.479919,1.0,949.9260880786624,388.2180656937891
580,0.105347,489.017273,-816.581238,1.0,928.5872200786623,418.22368069378905
581,0.110657,488.921326,-813.511841,1.0,963.2446910786624,411.94868769378905
582,0.100861,488.869904,-810.693054,1.0,943.1918350786623,362.403673693789
583,0.110443,488.851929,-807.583496,1.0,918.4764420786623,278.63759069378904
584,0.108246,488.860413,-804.511963,1.0,904.7848520786623,294.094164693789
585,0.106476,488.876434,-801.470764,1.0,941.3868420786623,428.68730369378903
586,0.107178,488.886383,-798.387268,1.0,924.2963270786623,420.886156693789
587,0.108398,488.884186,-795.247803,1.0,945.4954240786623,439.29811369378905
588,0.108154,488.873749,-792.095032,1.0,924.0589000786623,307.26610069378904
589,0.10733,488.866089,-788.945251,1.0,924.0589000786623,307.26610069378904
590,0.110718,488.871429,-785.674988,1.0,989.6231090786622,407.71846269378904
591,0.101227,488.893707,-782.666565,1.0,957.9651500786623,379.6284356937891
592,0.111603,488.939117,-779.330811,1.0,967.5236220786622,365.24119869378904
593,0.102722,488.999298,-776.241516,1.0,963.9205950786624,360.50468669378904
594,0.101227,489.074036,-773.181763,1.0,917.3286150786623,226.84459169378906
595,0.103577,489.164551,-770.033203,1.0,913.0642100786623,242.68902869378906
596,0.102875,489.266785,-766.889465,1.0,941.6499650786623,343.03795069378907
597,0.110596,489.385651,-763.492004,1.0,940.2835100786623,438.094164693789
598,0.109131,489.505676,-760.121887,1.0,938.5254530786623,440.84095969378905
599,0.107269,489.620728,-756.789673,1.0,948.9990860786623,465.421953693789
600,0.106964,489.724121,-753.450806,1.0,948.3218400786623,466.19270569378904
601,0.105042,489.804718,-750.154907,1.0,933.8253800786623,370.23518669378905
602,0.103455,489.856323,-746.892395,1.0,927.0146500786623,332.02553069378905
603,0.103943,489.877289,-743.598389,1.0,925.9319470786623,320.21602169378906
604,0.104492,489.866943,-740.271301,1.0,953.3799450786623,394.86668669378906
605,0.10495,489.827118,-736.915955,1.0,951.4367080786623,429.922808693789
606,0.10614,489.764465,-733.506714,1.0,959.3401500786623,442.50346669378905
607,0.104675,489.692596,-730.129883,1.0,957.2377330786622,458.912249693789
608,0.107422,489.617889,-726.649719,1.0,960.0709850786624,456.330767693789
609,0.102203,489.551025,-723.324158,1.0,969.2837540786624,459.28190869378903
610,0.103821,489.492523,-719.932922,1.0,970.8048720786622,472.09483569378904
611,0.102692,489.447601,-716.563904,1.0,972.7997450786623,456.60093969378903
612,0.103485,489.415771,-713.156128,1.0,972.7997450786623,456.60093969378903
613,0.103333,489.395996,-709.739929,1.0,1014.1697400786624,359.44090569378903
614,0.103851,489.386505,-706.294067,1.0,1008.2634900786624,423.686632693789
615,0.103851,489.385559,-702.834778,1.0,1009.3009660786623,416.31828569378905
616,0.104523,489.392059,-699.335876,1.0,1002.7776500786623,417.16819969378906
617,0.105103,489.40567,-695.797302,1.0,995.9136370786624,441.42726369378903
618,0.102844,489.426178,-692.314636,1.0,1003.0202040786622,463.165941693789
619,0.108368,489.455933,-688.624512,1.0,1001.5160540786623,485.05531569378905
620,0.105713,489.49054,-685.006348,1.0,1009.3849500786622,481.50309969378907
621,0.10611,489.527405,-681.364258,1.0,1260.9987200786622,281.07713569378905
622,0.105408,489.563721,-677.739075,1.0,1376.5440080786625,187.04304769378905
623,0.103241,489.5961,-674.179382,1.0,1157.8336800786624,331.708269693789
624,0.104919,489.624023,-670.553711,1.0,980.9230360786622,492.77778869378903
625,0.10437,489.646545,-666.939636,1.0,989.4155900786624,487.59684969378907
626,0.105316,489.664398,-663.28418,1.0,982.6369030786624,505.83439869378907
627,0.105347,489.678101,-659.61908,1.0,968.1911020786623,521.4892146937891
628,0.105621,489.688232,-655.9375,1.0,968.0563370786623,503.01396469378903
629,0.105469,489.694244,-652.252502,1.0,978.7428600786624,482.71437369378907
630,0.103271,489.695404,-648.638062,1.0,977.3335580786623,496.79075869378903
631,0.103088,489.690491,-645.021973,1.0,976.5632950786622,476.22514569378905
632,0.102661,489.678528,-641.413086,1.0,928.5095840786623,488.895586693789
633,0.10141,489.658691,-637.842773,1.0,928.1896370786623,482.85530369378904
634,0.101349,489.630341,-634.267029,1.0,937.3867810786624,480.64952369378904
635,0.105499,489.591644,-630.537292,1.0,991.1243300786624,437.47273469378905
636,0.108063,489.542511,-626.711365,1.0,1409.0078750786624,399.69029469378904
637,0.105072,489.485596,-622.98291,1.0,1195.3373430786623,481.43635769378903
638,0.10379,489.420959,-619.294678,1.0,967.6549700786624,458.47035469378903
639,0.103363,489.349518,-615.613892,1.0,971.5081190786624,458.25801369378905
640,0.10141,489.274658,-611.997314,1.0,980.9347550786623,483.216509693789
641,0.10199,489.196686,-608.353577,1.0,987.9335340786623,490.91481269378903
642,0.101624,489.118286,-604.717163,1.0,987.3936170786623,492.420397693789
643,0.102997,489.041473,-601.026245,1.0,989.9147350786624,435.88017569378906
644,0.102417,488.978516,-597.349121,1.0,982.9596570786624,464.5231806937891
645,0.112366,488.937622,-593.307007,1.0,976.2333390786622,438.62153869378903
646,0.11145,488.933929,-589.291504,1.0,1061.0537730786623,452.264757693789
647,0.110748,488.968597,-585.2948,1.0,1462.1839000786622,535.6695126937891
648,0.104858,489.033752,-581.504761,1.0,1463.1332410786622,550.621233693789
649,0.105835,489.124603,-577.674133,1.0,948.8627330786624,338.05513269378906
650,0.104736,489.233582,-573.878235,1.0,933.7157610786624,352.204149693789
651,0.10733,489.361298,-569.9823,1.0,937.5188610786623,356.93290969378904
652,0.104431,489.498749,-566.187134,1.0,939.5598160786623,348.880663693789
653,0.103119,489.644379,-562.435059,1.0,954.8378310786624,475.93571769378906
654,0.104919,489.800842,-558.612549,1.0,941.2000740786623,488.46931669378904
655,0.101837,489.957123,-554.896606,1.0,936.1652230786623,482.33894569378907
656,0.100067,490.103333,-551.240417,1.0,923.5657360786623,498.87007369378904
657,0.101135,490.227509,-547.538757,1.0,922.6122450786623,514.0055106937891
658,0.102203,490.3172,-543.792908,1.0,916.0073870786623,515.565264693789
659,0.100769,490.361176,-540.093933,1.0,924.5361950786623,509.66017369378903
660,0.10202,490.358032,-536.344849,1.0,927.1134660786623,497.51265169378905
661,0.112427,490.304688,-532.208496,1.0,943.8823250786623,484.63102969378906
662,0.109467,490.203003,-528.176147,1.0,962.4552620786623,495.2313716937891
663,0.10144,490.067139,-524.435669,1.0,970.0004280786624,509.417406693789
664,0.102753,489.896912,-520.643555,1.0,975.5784310786622,492.02885669378907
665,0.10083,489.717865,-516.91925,1.0,976.0042130786622,486.27778869378903
666,0.101349,489.545349,-513.171021,1.0,988.4462290786622,494.922808693789
667,0.109467,489.382629,-509.118011,1.0,980.8439340786623,507.200548693789
668,0.106964,489.260864,-505.150635,1.0,972.9380510786624,495.129717693789
669,0.106445,489.186554,-501.196869,1.0,962.1508190786623,442.49934669378905
670,0.109741,489.162384,-497.115112,1.0,893.0778210786623,405.67329669378904
671,0.107727,489.183044,-493.10495,1.0,972.4398820786622,470.27421869378907
672,0.110901,489.236786,-488.971161,1.0,975.9102190786624,432.16514869378904
673,0.109528,489.304657,-484.885132,1.0,929.1012590786623,415.94063069378905
674,0.11026,489.374054,-480.766907,1.0,916.4647230786624,412.07164269378904
675,0.111023,489.438049,-476.61676,1.0,942.9326180786624,286.60228269378905
676,0.108948,489.494537,-472.53833,1.0,938.1508190786623,278.44258369378906
677,0.108551,489.547577,-468.471588,1.0,944.2836930786623,305.467363693789
678,0.108459,489.601105,-464.403473,1.0,947.3945330786623,388.57332069378907
679,0.109589,489.657867,-460.290009,1.0,942.5351580786623,392.0792416937891
680,0.110107,489.717987,-456.151978,1.0,946.5464490786624,405.14305369378906
681,0.10907,489.779144,-452.04953,1.0,921.5541390786623,415.211870693789
682,0.107666,489.839355,-447.996033,1.0,920.3220840786623,443.843737693789
683,0.107147,489.898193,-443.958618,1.0,915.5251480786623,452.56263969378904
684,0.104889,489.953613,-440.002625,1.0,930.5213640786623,448.444017693789
685,0.106842,490.00592,-435.969116,1.0,938.0837410786623,462.02928369378907
686,0.107941,490.051849,-431.889984,1.0,942.6513070786623,478.372667693789
687,0.106201,490.079437,-427.873962,1.0,945.3972180786623,481.38579069378903
688,0.108337,490.068726,-423.773895,1.0,958.7782610786622,477.5452446937891
689,0.106842,490.001923,-419.727051,1.0,959.2434700786622,465.34163169378905
690,0.109039,489.8685,-415.594879,1.0,966.9070450786622,463.06160269378904
691,0.108765,489.673737,-411.472656,1.0,984.2918100786623,457.14985869378904
692,0.109039,489.435486,-407.339783,1.0,1000.9193740786624,475.96345769378905
693,0.109924,489.189941,-403.169464,1.0,1003.6246960786624,477.5167416937891
694,0.102142,488.988342,-399.291321,1.0,1008.0103160786624,480.57795969378907
695,0.100006,488.832733,-395.489136,1.0,1021.5700090786623,357.79750269378906
696,0.108673,488.718567,-391.352448,1.0,1085.0908830786625,263.587419693789
697,0.110535,488.658569,-387.140381,1.0,1005.6867080786623,465.32435869378907
698,0.108582,488.643768,-382.999115,1.0,981.0746470786622,359.07530469378906
699,0.106171,488.657013,-378.946594,1.0,967.0326550786623,408.905382693789
700,0.105469,488.688904,-374.919342,1.0,962.7714250786622,424.68022369378906
701,0.105072,488.73584,-370.904816,1.0,950.7121590786624,429.88887269378904
702,0.103821,488.797668,-366.936005,1.0,959.0541390786624,450.00123869378905
703,0.105164,488.878906,-362.911865,1.0,958.2196670786624,458.879290693789
704,0.107697,488.984558,-358.789856,1.0,956.9115610786622,482.65028669378904
705,0.109375,489.116119,-354.601593,1.0,954.8285540786623,500.75807469378907
706,0.10202,489.260437,-350.693085,1.0,962.2904680786622,519.242174693789
707,0.101349,489.420197,-346.809235,1.0,955.9153450786622,532.062456693789
708,0.10144,489.584198,-342.919159,1.0,954.2479870786623,535.862810693789
709,0.103699,489.744019,-338.940338,1.0,950.0617080786623,510.97648869378907
710,0.105835,489.888885,-334.87616,1.0,951.4277970786623,503.74296869378907
711,0.105804,490.008972,-330.80896,1.0,956.1262830786624,506.03633369378906
712,0.104889,490.101471,-326.775391,1.0,962.4794320786624,505.46052769378906
713,0.102692,490.167297,-322.823059,1.0,970.0302140786622,483.074602693789
714,0.10791,490.212189,-318.66745,1.0,983.7268690786624,463.60698169378907
715,0.105225,490.233795,-314.612885,1.0,990.9448870786624,460.36805969378906
716,0.106384,490.23407,-310.511688,1.0,996.8167130786622,444.68364169378907
717,0.106232,490.211975,-306.413788,1.0,1004.8344130786624,442.47230769378905
718,0.106079,490.167053,-302.321136,1.0,1013.3698130786623,433.91572869378905
719,0.105286,490.099609,-298.255737,1.0,963.0592660786623,495.79439069378907
720,0.10675,490.008148,-294.133514,1.0,954.3585830786623,494.079485693789
721,0.108185,489.892792,-289.95282,1.0,1004.1372690786624,477.0438716937891
722,0.105469,489.762085,-285.876587,1.0,1017.1019910786623,484.087725693789
723,0.105743,489.618744,-281.787903,1.0,1014.1227430786622,495.911913693789
724,0.106476,489.466644,-277.670349,1.0,1013.3012100786624,513.509233693789
725,0.107117,489.309143,-273.525177,1.0,1017.7951060786623,509.77311969378906
726,0.107849,489.148499,-269.349335,1.0,1025.9537980786622,505.73588769378904
727,0.101288,488.99765,-265.426941,1.0,1024.1748670786624,510.87520069378905
728,0.109375,488.835144,-261.188843,1.0,1025.9799210786623,512.258013693789
729,0.107117,488.676819,-257.03653,1.0,1018.9824840786622,513.576952693789
730,0.109161,488.517548,-252.802322,1.0,1024.0173960786624,508.455767693789
731,0.100159,488.375,-248.916077,1.0,1022.2937630786622,497.43385569378904
732,0.109985,488.231659,-244.646759,1.0,1008.6919570786623,483.72978469378904
733,0.10675,488.124115,-240.500076,1.0,1010.5784310786622,477.93107869378906
734,0.106995,488.061707,-236.340942,1.0,1002.8735970786623,482.610216693789
735,0.108643,488.055115,-232.116013,1.0,1001.0762340786622,471.987108693789
736,0.10733,488.105804,-227.940628,1.0,990.3712780786624,448.700548693789
737,0.102295,488.191742,-223.959885,1.0,985.3983780786624,462.85872169378905
738,0.10199,488.291351,-219.990601,1.0,973.4489150786623,465.45970369378904
739,0.10141,488.389099,-216.042938,1.0,963.1215220786622,464.56785869378905
740,0.102509,488.478241,-212.050049,1.0,941.2089250786623,314.52543869378906
741,0.105286,488.55838,-207.94696,1.0,923.0702530786623,168.52354669378906
742,0.109924,488.634613,-203.66214,1.0,869.1445330786623,318.567217693789
743,0.103333,488.70575,-199.632767,1.0,1014.4115610786622,414.06431869378906
744,0.102539,488.780304,-195.633667,1.0,975.3908090786623,428.37495669378904
745,0.101532,488.859161,-191.672073,1.0,983.2531140786624,399.09968869378906
746,0.101624,488.941589,-187.705841,1.0,951.3324600786623,417.434313693789
747,0.101807,489.025146,-183.73024,1.0,948.6865860786623,422.536394693789
748,0.102295,489.106995,-179.735168,1.0,941.5853890786623,424.30342369378906
749,0.102478,489.180634,-175.731949,1.0,949.4183970786623,428.68287869378906
750,0.102448,489.238586,-171.728378,1.0,945.7814950786623,437.190233693789
751,0.101318,489.270477,-167.766907,1.0,957.1420300786623,421.17268669378905
752,0.107056,489.266296,-163.579025,1.0,966.2549450786622,429.162676693789
753,0.107239,489.215942,-159.384674,1.0,986.9691780786624,449.03758469378903
754,0.105133,489.118774,-155.271881,1.0,997.4937150786624,443.90938069378905
755,0.102783,488.982635,-151.250275,1.0,993.4277970786624,442.62965669378906
756,0.105835,488.816895,-147.109299,1.0,997.0150770786623,438.53807369378904
757,0.106201,488.649384,-142.954163,1.0,1010.3423470786623,429.48558269378907
758,0.103912,488.505127,-138.886337,1.0,998.9433000786622,441.81465369378907
759,0.103302,488.385162,-134.84024,1.0,948.6935440786623,448.867693693789
760,0.104919,488.275665,-130.729034,1.0,914.3603530786623,457.99339569378907
761,0.107483,488.15799,-126.516647,1.0,920.7002580786623,456.37752069378905
762,0.105042,488.014954,-122.399345,1.0,919.6905530786623,453.25114669378905
763,0.104462,487.824249,-118.307037,1.0,883.0286880786623,437.18550369378903
764,0.104553,487.574707,-114.212494,1.0,845.1571670786623,453.57988269378905
765,0.100616,487.28714,-110.274185,1.0,860.1207290786623,455.24238869378905
766,0.110352,486.942383,-105.956284,1.0,857.3989270786623,445.90660369378907
767,0.102173,486.617767,-101.958298,1.0,1040.7844860786622,453.55327069378905
768,0.101379,486.303375,-97.989296,1.0,1043.7265030786625,456.28712669378905
769,0.102142,485.998932,-93.989426,1.0,1047.837709078662,460.552019693789
770,0.107117,485.689972,-89.791771,1.0,1046.5997940786624,464.55473569378904
771,0.10733,485.387146,-85.585869,1.0,1055.4818740786623,456.92357169378903
772,0.101715,485.122192,-81.596031,1.0,881.7691660786624,441.45476069378907
773,0.107147,484.897522,-77.389915,1.0,852.1215220786623,456.068071693789
774,0.106598,484.7547,-73.201508,1.0,840.1754160786624,436.70427169378905
775,0.105103,484.710358,-69.068634,1.0,803.1377580786623,429.24214469378904
776,0.109924,484.773407,-64.744423,1.0,777.0978410786623,423.76912169378903
777,0.10321,484.920166,-60.686775,1.0,749.2546400786623,424.20649969378906
778,0.103088,485.128021,-56.63501,1.0,915.6592420786623,413.853441693789
779,0.101776,485.380646,-52.637722,1.0,885.7407850786623,420.67277769378904
780,0.101196,485.675232,-48.666267,1.0,864.1919570786623,406.90825169378905
781,0.108948,486.041626,-44.393379,1.0,851.8919690786623,388.46476969378904
782,0.103027,486.430267,-40.355015,1.0,836.0598770786623,396.391649693789
783,0.107178,486.856628,-36.156467,1.0,876.7631240786623,405.18901269378904
784,0.103149,487.236847,-32.111603,1.0,879.6835340786623,409.09263869378907
785,0.103516,487.532593,-28.045649,1.0,873.0838030786623,407.303301693789
786,0.102325,487.703064,-24.018936,1.0,907.1106580786623,385.51079069378903
787,0.104523,487.734344,-19.898323,1.0,928.8676770786623,401.68239069378905
788,0.100922,487.654785,-15.923923,1.0,973.3121960786624,410.83131669378906
789,0.101593,487.514069,-11.923182,1.0,1000.6326310786623,427.935350693789
790,0.100098,487.358032,-7.983261,1.0,976.3970350786623,462.955767693789
791,0.108551,487.201874,-3.708366,1.0,994.4994520786623,487.70540069378904
792,0.103973,487.079285,0.387693,1.0,993.1813370786623,506.099230693789
793,0.106537,486.979309,4.58693,1.0,1038.1272600786624,509.6376216937891
794,0.109436,486.893524,8.901148,1.0,1076.1862200786622,515.539141693789
795,0.108337,486.814545,13.173317,1.0,1079.8024300786624,507.714525693789
796,0.100586,486.745087,17.140799,1.0,962.8268450786624,437.62074569378905
797,0.108215,486.68338,21.409184,1.0,1228.5691540786625,311.60991169378906
798,0.106995,486.647003,25.630693,1.0,1382.9746720786625,222.49362469378903
799,0.102264,486.644531,29.666252,1.0,1278.5713510786622,280.46449569378905
800,0.102966,486.678131,33.729908,1.0,976.5224010786623,485.81340269378904
801,0.109802,486.752289,38.063526,1.0,969.2670300786623,496.18135369378905
802,0.101776,486.851959,42.080753,1.0,986.6941540786623,494.726122693789
803,0.104645,486.980408,46.210171,1.0,992.4081430786624,513.234331693789
804,0.101166,487.124268,50.203007,1.0,993.9689340786623,505.293261693789
805,0.107269,487.286224,54.436974,1.0,883.4863900786623,120.18996669378905
806,0.100281,487.43866,58.394821,1.0,1041.3682260786622,51.47760669378904
807,0.108582,487.595367,62.682259,1.0,1018.4457410786623,473.64143669378905
808,0.108795,487.721893,66.979332,1.0,1003.6630260786623,438.05787869378906
809,0.102264,487.797485,71.019676,1.0,1000.8008440786624,436.57374869378907
810,0.101746,487.819641,75.040848,1.0,871.1503920786623,338.54759469378905
811,0.101959,487.774139,79.071915,1.0,872.0866100786623,396.04423769378906
812,0.107361,487.642029,83.313461,1.0,906.0231340786623,402.52357769378904
813,0.108795,487.426514,87.610176,1.0,964.2587290786622,406.906755693789
814,0.105804,487.162201,91.784828,1.0,967.6836560786622,411.42720269378907
815,0.103088,486.881439,95.851929,1.0,974.2964490786622,422.65266669378906
816,0.102051,486.603516,99.878014,1.0,928.4401260786623,421.97532869378904
817,0.102631,486.335419,103.92794,1.0,926.9746110786623,431.68977569378904
818,0.104431,486.075928,108.050682,1.0,1215.5701310786621,266.14634969378903
819,0.103516,485.817749,112.138077,1.0,1393.9817520786623,191.20471469378904
820,0.101898,485.535492,116.159111,1.0,1241.9058240786621,313.08467369378906
821,0.102509,485.200653,120.201935,1.0,924.6093760786623,482.72819769378907
822,0.10202,484.804962,124.21978,1.0,928.2903450786623,494.48152369378903
823,0.100281,484.353973,128.163086,1.0,854.2869280786623,511.083605693789
824,0.108917,483.800873,132.438461,1.0,826.5174570786623,512.8135246937891
825,0.10025,483.242035,136.367249,1.0,824.6132210786623,506.97984569378906
826,0.108795,482.586304,140.623383,1.0,827.5056160786623,505.91453769378904
827,0.108093,481.868835,144.842621,1.0,610.3423470786623,489.53453269378906
828,0.105255,481.086243,148.935349,1.0,625.8872690786623,487.064897693789
829,0.104706,480.217072,152.98938,1.0,796.0887460786623,480.01069869378904
830,0.105011,479.263275,157.037323,1.0,860.6694960786623,483.646196693789
831,0.107483,478.214142,161.162674,1.0,870.9462290786623,505.07060469378905
832,0.106232,477.108765,165.22197,1.0,868.1033950786623,511.85692069378905
833,0.105164,475.944458,169.221359,1.0,850.4407360786623,503.51042469378905
834,0.105804,474.690796,173.220474,1.0,861.9586800786623,510.12367469378904
835,0.107147,473.300751,177.229065,1.0,867.8945330786623,503.20067069378905
836,0.10556,471.778259,181.12468,1.0,838.4780900786623,476.58323969378904
837,0.101685,470.158142,184.812973,1.0,801.2980360786623,455.34907769378907
838,0.104614,468.34671,188.537933,1.0,809.6293350786623,453.60368569378903
839,0.108307,466.320984,192.31813,1.0,845.3637710786624,464.26378169378904
840,0.104797,464.216827,195.892273,1.0,875.1361710786623,472.596147693789
841,0.107544,461.908569,199.469101,1.0,890.8481460786624,437.96595969378905
842,0.106445,459.480957,202.908783,1.0,906.4500130786623,430.99461669378906
843,0.106201,456.920441,206.238739,1.0,826.5460830786623,394.665087693789
844,0.105408,454.248627,209.437927,1.0,834.6339120786623,419.36784569378904
845,0.10672,451.421509,212.571045,1.0,862.2051400786623,403.79753369378903
846,0.108337,448.450195,215.654953,1.0,859.4877940786623,401.31444069378904
847,0.100098,445.629211,218.43219,1.0,876.5173960786623,404.125597693789
848,0.10025,442.741547,221.150635,1.0,884.8323380786624,399.96895069378905
849,0.110504,439.48999,224.073578,1.0,884.1710220786623,394.20909369378904
850,0.10788,436.253296,226.852341,1.0,885.9491590786623,398.374224693789
851,0.107269,432.974762,229.544952,1.0,898.6395890786623,261.6222406937891
852,0.100616,429.854156,232.01442,1.0,876.8210460786623,267.33021769378905
853,0.100098,426.717041,234.431656,1.0,861.4060680786623,364.92500569378905
854,0.109406,423.263184,237.040833,1.0,842.3104260786623,394.86705269378905
855,0.109924,419.775177,239.637894,1.0,839.9894420786624,396.479723693789
856,0.102173,416.518158,242.034149,1.0,842.2504280786623,408.33452069378905
857,0.108856,413.028107,244.557877,1.0,841.1046770786623,406.077684693789
858,0.106445,409.57782,246.976624,1.0,841.5206310786623,399.813341693789
859,0.107391,406.049774,249.34639,1.0,754.0119030786623,406.82139869378904
860,0.107849,402.450653,251.6436,1.0,758.7211320786623,415.94099669378903
861,0.10733,398.805939,253.827744,1.0,771.9132700786623,422.58830469378904
862,0.100372,395.328186,255.752563,1.0,778.3386240786623,421.91749869378907
863,0.101746,391.734955,257.565155,1.0,788.3392960786623,419.83168269378905
864,0.102386,388.059448,259.236816,1.0,825.3699960786623,427.69887069378905
865,0.104187,384.268677,260.776825,1.0,854.2739880786623,437.62657469378905
866,0.103485,380.45816,262.144745,1.0,802.8153700786623,403.09999369378903
867,0.105682,376.518982,263.379456,1.0,823.7539690786623,401.78676069378906
868,0.104645,372.569458,264.443542,1.0,840.7209490786623,420.229906693789
869,0.105499,368.549805,265.353912,1.0,855.8756730786623,424.84800969378904
870,0.107147,364.433838,266.108154,1.0,867.1098040786624,460.29039269378904
871,0.107391,360.280457,266.69104,1.0,900.4269420786624,466.00502269378904
872,0.106995,356.122009,267.108307,1.0,924.9816300786623,472.97584769378904
873,0.110565,351.813538,267.392395,1.0,954.5032360786623,467.91481269378903
874,0.109711,347.528961,267.569092,1.0,987.5663460786624,487.12037869378906
875,0.103027,343.502563,267.675659,1.0,1028.7948620786624,521.4965086937891
876,0.109833,339.209106,267.751068,1.0,1048.8551650786621,525.1596556937891
877,0.108856,334.952332,267.807068,1.0,1020.4960340786623,518.251146693789
878,0.108154,330.722687,267.856537,1.0,977.0745250786623,511.10948469378906
879,0.101349,326.757263,267.898651,1.0,976.2184460786624,519.700335693789
880,0.100464,322.82608,267.934784,1.0,1089.1388560786622,520.4073056937891
881,0.103027,318.79187,267.964691,1.0,1102.7161270786623,516.119036693789
882,0.105286,314.669159,267.988525,1.0,988.1925670786624,488.81053369378907
883,0.102417,310.656525,268.011475,1.0,1001.7957170786623,495.743456693789
884,0.109222,306.377411,268.047272,1.0,997.6792620786624,492.61558769378905
885,0.110779,302.035797,268.104645,1.0,988.5333870786623,485.78788969378905
886,0.107422,297.824799,268.176239,1.0,989.7681290786624,490.587908693789
887,0.108734,293.562042,268.246368,1.0,1000.3378310786624,475.59327969378904
888,0.106659,289.377899,268.290863,1.0,1012.5850230786624,460.27131869378906
889,0.108429,285.123871,268.285675,1.0,989.8495500786622,468.773333693789
890,0.10849,280.867432,268.195831,1.0,998.0480360786622,459.78697469378903
891,0.106384,276.695587,267.999542,1.0,1002.8054820786623,468.164476693789
892,0.106445,272.52774,267.693024,1.0,1024.0448620786624,476.51631469378907
893,0.109039,268.264801,267.290863,1.0,1039.6425180786623,485.28795069378907
894,0.110321,263.956635,266.840546,1.0,1055.556459078662,498.53795069378907
895,0.100555,260.027191,266.433655,1.0,1398.3395400786621,215.37016569378903
896,0.108276,255.790588,266.055542,1.0,1416.8755510786623,214.09245569378905
897,0.109344,251.501678,265.793213,1.0,1077.0591440786625,472.78120669378904
898,0.102478,247.475235,265.681671,1.0,1048.4269420786623,501.551500693789
899,0.108856,243.196533,265.710449,1.0,980.2002580786624,528.656206693789
900,0.103058,239.148071,265.865845,1.0,933.9905410786623,547.312944693789
901,0.102844,235.111374,266.116394,1.0,911.2237560786623,545.2486746937891
902,0.103455,231.055038,266.429749,1.0,977.9613660786623,513.242144693789
903,0.104034,226.978989,266.779938,1.0,974.1901260786623,503.02336369378907
904,0.104797,222.87442,267.147003,1.0,961.3212290786622,501.92308269378907
905,0.103119,218.833298,267.503967,1.0,906.8953870786623,484.06990269378906
906,0.103973,214.756256,267.84552,1.0,899.2193620786624,484.57933269378907
907,0.104126,210.670486,268.163116,1.0,988.8027970786624,474.745775693789
908,0.103485,206.606659,268.445465,1.0,999.7066050786624,501.49840069378905
909,0.104675,202.491592,268.669159,1.0,1015.0051890786623,496.08394069378903
910,0.104492,198.378983,268.799805,1.0,1025.5485240786625,486.763384693789
911,0.107025,194.163757,268.819153,1.0,940.0848400786623,471.73481969378906
912,0.110657,189.806595,268.714905,1.0,957.9220590786623,473.923662693789
913,0.107635,185.570847,268.513123,1.0,979.4580700786622,478.72169769378905
914,0.10553,181.420151,268.273926,1.0,982.2067270786623,487.13997169378905
915,0.105347,177.274994,268.054199,1.0,986.0912490786624,488.3669306937891
916,0.102661,173.233368,267.901123,1.0,982.0689100786623,485.54921169378906
917,0.105743,169.066452,267.834045,1.0,970.0349740786622,486.31398269378906
918,0.10498,164.927383,267.863892,1.0,960.7627580786624,475.12681869378906
919,0.104065,160.826157,267.964264,1.0,966.0855120786624,487.412859693789
920,0.103333,156.753555,268.094086,1.0,959.2694710786624,485.87376669378904
921,0.104767,152.624207,268.219971,1.0,1382.7719130786622,220.37811569378906
922,0.103546,148.542328,268.310089,1.0,1379.857118078662,232.34015169378904
923,0.104553,144.41832,268.351868,1.0,1377.0254530786624,230.04916669378903
924,0.105133,140.270355,268.345612,1.0,987.0355850786624,526.726732693789
925,0.10495,136.129486,268.309692,1.0,989.1572890786623,529.854387693789
926,0.104034,132.025009,268.271301,1.0,998.0048230786623,530.4986136937891
927,0.101837,128.005875,268.25531,1.0,862.0612200786624,500.210161693789
928,0.102875,123.945335,268.275696,1.0,355.8103650786623,403.79878469378906
929,0.103058,119.877266,268.332764,1.0,358.69476407866233,396.33436869378903
930,0.110413,115.518173,268.41568,1.0,930.6091320786624,497.36870069378904
931,0.112457,111.078392,268.497406,1.0,932.4633190786623,513.0618156937891
932,0.111877,106.659943,268.556488,1.0,936.7979750786623,527.682970693789
933,0.112946,102.198639,268.584259,1.0,932.3720110786624,534.374346693789
934,0.110016,97.851189,268.58078,1.0,948.6952530786623,306.37913769378906
935,0.109467,93.525734,268.556702,1.0,948.6952530786623,306.37913769378906
936,0.11084,89.146187,268.527069,1.0,972.8114640786622,488.380571693789
937,0.109406,84.82151,268.506439,1.0,980.5078750786623,473.586870693789
938,0.109497,80.493027,268.501984,1.0,380.7909250786623,372.70100669378905
939,0.111694,76.077515,268.5159,1.0,421.2580270786623,353.85951469378904
940,0.111084,71.68557,268.546509,1.0,421.6907360786623,367.3628106937891
941,0.112823,67.22377,268.587738,1.0,1325.6990370786625,564.991289693789
942,0.113617,62.730629,268.633118,1.0,1358.8432020786622,643.7056456937889
943,0.110809,58.347656,268.677338,1.0,1408.615175078662,663.905046693789
944,0.111481,53.936695,268.720001,1.0,1427.8219620786622,682.614031693789
945,0.111023,49.544403,268.760986,1.0,743.8529680786623,466.06837669378905
946,0.111786,45.120396,268.802002,1.0,555.8203140786624,441.72700769378906
947,0.112549,40.6674,268.843994,1.0,429.2789620786623,399.98793269378905
948,0.111725,36.244789,268.886627,1.0,435.89959807866234,391.54658769378904
949,0.113129,31.767118,268.930481,1.0,1285.8408830786625,357.75087269378906
950,0.112,27.332867,268.97403,1.0,1345.9170540786622,338.73723069378906
951,0.112152,22.892372,269.017212,1.0,1386.6216440786625,323.65645069378905
952,0.111786,18.465172,269.058716,1.0,956.8069470786623,452.50868469378906
953,0.111115,14.065335,269.095947,1.0,957.1459360786622,465.31096169378907
954,0.111206,9.660754,269.127594,1.0,931.2532360786623,454.170488693789
955,0.108795,5.350869,269.151886,1.0,393.5050670786623,344.72014069378906
956,0.111481,0.934572,269.169891,1.0,453.6818860786623,353.85701269378904
957,0.112335,-3.516144,269.180878,1.0,492.85040407866234,349.91401969378904
958,0.112915,-7.99038,269.185699,1.0,503.34247007866236,368.06495969378904
959,0.111633,-12.415012,269.185333,1.0,514.2404800786624,374.822283693789
960,0.11264,-16.878578,269.181122,1.0,512.3136610786623,392.12669669378903
961,0.112091,-21.322311,269.174286,1.0,995.7672740786624,520.519274693789
962,0.111694,-25.74987,269.164856,1.0,990.3683480786623,522.702013693789
963,0.111938,-30.187271,269.152374,1.0,997.1895150786623,514.503130693789
964,0.113281,-34.678501,269.136322,1.0,999.4072890786623,521.091936693789
965,0.112488,-39.138885,269.117615,1.0,995.8405160786623,513.667284693789
966,0.109039,-43.463737,269.098877,1.0,971.6322640786624,418.48008969378907
967,0.107361,-47.721066,269.084137,1.0,974.2898570786623,400.567125693789
968,0.109131,-52.04977,269.076569,1.0,972.3078020786623,392.69218669378904
969,0.108276,-56.344563,269.079254,1.0,970.6649790786622,381.18983669378906
970,0.109131,-60.673752,269.093933,1.0,923.8319710786623,338.37101969378904
971,0.106049,-64.880646,269.120453,1.0,688.6196910786623,370.44844269378905
972,0.106354,-69.100418,269.159058,1.0,453.32873707866236,371.69044769378905
973,0.107422,-73.362022,269.209534,1.0,462.39123707866236,373.75438169378907
974,0.107697,-77.635696,269.270752,1.0,661.1626600786623,350.729814693789
975,0.105957,-81.839722,269.338043,1.0,951.5896010786623,357.36976869378907
976,0.106873,-86.080368,269.408386,1.0,947.8361830786623,399.104296693789
977,0.111298,-90.49778,269.481262,1.0,940.7512220786623,480.39348069378906
978,0.106598,-94.728317,269.548035,1.0,938.6657730786623,484.51539869378905
979,0.101593,-98.760773,269.607086,1.0,940.9094250786623,494.673235693789
980,0.102722,-102.83812,269.660919,1.0,935.6859750786623,512.364092693789
981,0.102753,-106.916367,269.70816,1.0,477.51709107866236,372.920397693789
982,0.103271,-111.017067,269.748322,1.0,471.87286507866236,359.80745169378906
983,0.102966,-115.10495,269.779968,1.0,460.10260107866236,386.39454869378903
984,0.103241,-119.204597,269.796265,1.0,461.8662730786623,396.02855169378904
985,0.102295,-123.266373,269.786926,1.0,643.3704240786623,426.55549869378905
986,0.104767,-127.427704,269.743652,1.0,977.7384660786623,513.3247856937891
987,0.104614,-131.58049,269.660919,1.0,988.7283340786622,527.224169693789
988,0.108185,-135.875671,269.53595,1.0,1172.4437880786622,554.8210626937891
989,0.105743,-140.07341,269.39212,1.0,1414.965272078662,587.238481693789
990,0.104614,-144.226517,269.24704,1.0,1446.1301890786622,608.973040693789
991,0.105225,-148.403976,269.111694,1.0,1467.3446670786625,616.3183156937891
992,0.103821,-152.526291,268.996185,1.0,1468.5955210786624,624.710955693789
993,0.108978,-156.854584,268.895935,1.0,1473.0943010786623,369.98079169378906
994,0.105011,-161.025696,268.817993,1.0,1044.0111710786623,541.6919126937889
995,0.104736,-165.187332,268.756958,1.0,986.3512590786623,557.746294693789
996,0.105988,-169.3983,268.711395,1.0,978.5969860786623,552.469377693789
997,0.10498,-173.568649,268.683716,1.0,976.2421280786624,548.5780206937891
998,0.104584,-177.725616,268.676025,1.0,964.3255020786622,545.147905693789
999,0.103851,-181.851669,268.690704,1.0,973.0669570786623,554.684465693789
1000,0.10498,-186.023361,268.729126,1.0,981.3363660786623,554.441851693789
1001,0.103302,-190.129547,268.78952,1.0,971.0585340786623,546.267534693789
1002,0.101074,-194.145691,268.867676,1.0,970.1790170786622,539.7406796937889
1003,0.108704,-198.465042,268.967407,1.0,971.5480360786622,532.694109693789
1004,0.108063,-202.759399,269.077118,1.0,972.2766740786623,537.244280693789
1005,0.10733,-207.024185,269.192688,1.0,978.7437150786624,527.092638693789
1006,0.103699,-211.144836,269.308929,1.0,834.4823010786623,510.05964869378903
1007,0.110077,-215.518723,269.436493,1.0,476.83819707866235,428.12568969378907
1008,0.10141,-219.547806,269.557648,1.0,477.0310680786623,417.470201693789
1009,0.100861,-223.556274,269.680847,1.0,531.4608780786623,409.90635969378906
1010,0.100494,-227.550735,269.80072,1.0,531.5070200786623,412.99812569378906
1011,0.108734,-231.872177,269.916351,1.0,885.7897350786623,505.93944069378904
1012,0.103027,-235.967163,270.004547,1.0,975.5993050786623,536.792192693789
1013,0.103455,-240.080688,270.066803,1.0,970.7284560786624,536.3165456937891
1014,0.103943,-244.213989,270.100861,1.0,975.7832650786623,529.1080496937891
1015,0.105408,-248.405411,270.10791,1.0,981.3473520786623,517.8794426937891
1016,0.106018,-252.622101,270.092285,1.0,978.4489150786623,509.36393969378906
1017,0.104675,-256.78476,270.062653,1.0,990.0473040786623,498.50267269378907
1018,0.107574,-261.062256,270.023895,1.0,986.0341200786623,494.90294169378905
1019,0.104645,-265.224335,269.981049,1.0,888.1242690786623,525.747881693789
1020,0.104065,-269.362915,269.933441,1.0,886.0952160786624,518.7306996937891
1021,0.102264,-273.430847,269.883392,1.0,1067.6674210786623,492.80311869378903
1022,0.103943,-277.564301,269.830872,1.0,1082.9087540786622,497.24083169378906
1023,0.102844,-281.655121,269.777893,1.0,945.9623430786623,483.825548693789
1024,0.108063,-285.95343,269.722076,1.0,954.1148080786623,494.29735069378904
1025,0.105713,-290.15918,269.66803,1.0,982.4754040786623,501.583086693789
1026,0.108398,-294.470215,269.613403,1.0,990.8414930786622,457.21809669378905
1027,0.106812,-298.720337,269.560028,1.0,990.2516490786624,490.16023469378905
1028,0.105286,-302.907776,269.509155,1.0,1015.1286020786623,514.1606926937891
1029,0.103638,-307.031219,269.470123,1.0,1020.3136610786622,469.41777269378906
1030,0.104462,-311.187561,269.455658,1.0,1016.9707650786623,435.441362693789
1031,0.102783,-315.277252,269.477112,1.0,1019.5558480786623,462.12694069378904
1032,0.104492,-319.43457,269.541626,1.0,1002.9392710786623,456.59651469378906
1033,0.104523,-323.592163,269.649933,1.0,979.8029190786623,428.33766469378907
1034,0.102905,-327.684418,269.791901,1.0,971.6176160786623,426.181230693789
1035,0.10022,-331.669647,269.942993,1.0,970.1922010786624,433.910448693789
1036,0.107269,-335.934601,270.097961,1.0,1010.3587050786624,376.52369969378907
1037,0.104523,-340.091614,270.227051,1.0,1030.5905160786624,353.93788369378905
1038,0.103699,-344.217957,270.326324,1.0,1030.5905160786624,353.93788369378905
1039,0.104706,-348.383301,270.397644,1.0,1085.8015760786625,476.06535569378906
1040,0.105438,-352.578888,270.445404,1.0,1095.7470110786621,398.66713169378903
1041,0.103546,-356.699493,270.480621,1.0,1113.2881480786623,396.506762693789
1042,0.10553,-360.899231,270.529266,1.0,1107.1018690786623,404.70262369378906
1043,0.106262,-365.126251,270.63504,1.0,1131.0589000786622,393.586443693789
1044,0.106476,-369.358704,270.85434,1.0,1170.0160540786624,391.82646469378903
1045,0.104706,-373.508545,271.230286,1.0,1177.1209120786625,365.64265669378904
1046,0.10434,-377.623383,271.778015,1.0,1175.5700090786622,387.97084269378905
1047,0.103424,-381.675201,272.477936,1.0,1159.6770640786622,372.31379969378906
1048,0.101624,-385.626465,273.304077,1.0,1124.9297500786624,392.45482169378903
1049,0.10083,-389.519836,274.254791,1.0,1016.3115860786623,389.19429269378907
1050,0.107483,-393.628967,275.417664,1.0,1005.5697640786624,400.34739969378904
1051,0.103546,-397.533386,276.689423,1.0,1074.2999890786623,380.68815869378903
1052,0.104248,-401.41156,278.104187,1.0,1064.1891490786625,379.69923669378903
1053,0.102539,-405.183624,279.608063,1.0,1058.021425078662,376.86644269378905
1054,0.106537,-409.079376,281.260376,1.0,1057.0436410786624,373.596392693789
1055,0.102814,-412.817719,282.902222,1.0,1023.6676650786623,360.52656769378905
1056,0.107971,-416.719269,284.664703,1.0,1040.0176400786622,375.26866369378905
1057,0.105804,-420.512177,286.444824,1.0,1034.7287000786623,438.98713969378906
1058,0.106812,-424.308075,288.314301,1.0,1027.0712290786623,435.30568169378904
1059,0.101349,-427.874695,290.162018,1.0,1030.5921030786621,441.82332069378907
1060,0.107391,-431.620239,292.191956,1.0,1021.8825090786623,430.13432569378904
1061,0.108856,-435.384796,294.305176,1.0,1021.3416150786624,427.60084769378904
1062,0.101227,-438.864227,296.306244,1.0,1028.8994760786622,403.97883869378904
1063,0.100128,-442.297424,298.301544,1.0,1055.2914440786622,414.04045369378906
1064,0.101807,-445.807678,300.3013,1.0,1056.7522600786624,411.309832693789
1065,0.101898,-449.330261,302.271301,1.0,1093.2504280786625,371.96589869378903
1066,0.103485,-452.903168,304.291992,1.0,1088.1196910786625,385.13258569378905
1067,0.101776,-456.346344,306.371033,1.0,1110.9393930786623,374.13371569378904
1068,0.105011,-459.77005,308.659546,1.0,1093.1008920786621,375.23344669378906
1069,0.107544,-463.14035,311.134277,1.0,1070.5191050786625,386.357988693789
1070,0.107727,-466.371277,313.730591,1.0,1049.4236460786624,367.69209569378904
1071,0.108032,-469.459412,316.447052,1.0,1044.6697400786625,357.50114669378905
1072,0.103851,-472.280121,319.158844,1.0,1016.6109020786622,341.29390169378905
1073,0.105469,-474.99588,322.000885,1.0,1021.6310440786623,362.659410693789
1074,0.103546,-477.514709,324.873383,1.0,996.6549700786624,342.91768169378906
1075,0.105438,-479.922913,327.876312,1.0,1000.9860240786624,350.29826569378906
1076,0.105438,-482.169525,330.954346,1.0,964.3095110786622,330.69514769378907
1077,0.103638,-484.220734,334.052917,1.0,966.8861710786624,316.94459769378904
1078,0.101807,-486.093781,337.173157,1.0,1018.3917860786622,382.80882469378906
1079,0.105865,-487.952118,340.477142,1.0,1041.1961070786624,340.03517369378903
1080,0.109039,-489.892883,343.867706,1.0,1023.0845350786623,344.94462869378907
1081,0.110107,-491.983337,347.218872,1.0,1031.8076790786622,406.55601769378904
1082,0.105225,-494.144348,350.311615,1.0,1050.2455460786623,341.496050693789
1083,0.100098,-496.280365,353.172577,1.0,1079.5584120786625,349.73839069378903
1084,0.107666,-498.550171,356.261597,1.0,1138.5512100786623,428.16295069378907
1085,0.108673,-500.691254,359.459229,1.0,1119.3773820786623,428.295397693789
1086,0.107361,-502.59671,362.706177,1.0,1093.8911760786623,433.26045469378903
1087,0.106628,-504.311401,365.987579,1.0,1082.5465710786625,425.86088769378904
1088,0.106079,-505.856079,369.287964,1.0,1057.3320940786625,406.37385769378903
1089,0.105438,-507.237335,372.590393,1.0,1056.8589490786621,394.35853869378906
1090,0.10318,-508.434784,375.835266,1.0,1202.8112200786622,418.66899369378905
1091,0.103516,-509.484375,379.100098,1.0,1293.0372940786624,399.89735669378905
1092,0.104462,-510.394409,382.399689,1.0,1248.7809460786625,429.102404693789
1093,0.101196,-511.134216,385.591644,1.0,1200.4061900786623,410.716082693789
1094,0.109772,-511.778473,389.036865,1.0,1160.927675078662,431.093218693789
1095,0.100891,-512.226379,392.17981,1.0,1129.8502820786625,450.86982969378903
1096,0.109253,-512.560364,395.54895,1.0,1094.7208870786621,451.96464769378906
1097,0.103851,-512.737976,398.714783,1.0,974.6071180786622,445.32188669378905
1098,0.103851,-512.782959,401.844269,1.0,939.7064830786624,440.49470769378905
1099,0.10556,-512.693726,404.987061,1.0,918.3513810786623,445.04194869378904
1100,0.103912,-512.473572,408.036377,1.0,906.2279680786623,440.37196569378904
1101,0.101715,-512.128418,410.976776,1.0,903.9789440786623,323.905474693789
1102,0.103149,-511.641327,413.912781,1.0,905.3916640786623,331.58479569378903
1103,0.104309,-511.009644,416.842834,1.0,892.5313120786623,475.06874369378903
1104,0.104431,-510.263824,419.75412,1.0,893.3151260786623,463.093309693789
1105,0.106659,-509.394165,422.708344,1.0,883.2034310786623,464.73637669378905
1106,0.101868,-508.467834,425.513123,1.0,852.7187510786623,462.38081569378903
1107,0.109253,-507.377502,428.504333,1.0,878.6369030786623,468.22365069378907
1108,0.109833,-506.236023,431.512085,1.0,851.5339370786623,438.86961669378906
1109,0.100861,-505.232391,434.300751,1.0,849.3189710786623,438.82292469378905
1110,0.102722,-504.325684,437.172913,1.0,867.8204360786623,444.322191693789
1111,0.102081,-503.57959,440.05545,1.0,897.3889170786623,437.46241969378906
1112,0.103302,-502.993256,442.986603,1.0,839.0308850786623,402.603105693789
1113,0.101929,-502.566803,445.883881,1.0,870.4349380786623,414.34407269378903
1114,0.103882,-502.277985,448.835205,1.0,746.5551770786623,382.29362769378906
1115,0.104431,-502.127655,451.797577,1.0,405.5638140786623,334.39674669378905
1116,0.105896,-502.116882,454.795959,1.0,405.1041270786623,339.18828069378907
1117,0.106903,-502.257782,457.809601,1.0,987.4691780786624,415.34590369378907
1118,0.103119,-502.543274,460.696625,1.0,1050.9419570786622,456.07576269378904
1119,0.102203,-502.972107,463.53064,1.0,1148.4210830786624,482.764147693789
1120,0.107269,-503.569,466.478821,1.0,1196.7731340786622,494.19059969378907
1121,0.104553,-504.229736,469.348389,1.0,1229.7440810786625,497.218828693789
1122,0.103058,-504.853088,472.199036,1.0,1249.3341690786624,512.681017693789
1123,0.105591,-505.388245,475.155914,1.0,1263.165345078662,486.28404469378904
1124,0.105042,-505.770508,478.123352,1.0,1224.9074110786623,484.33256769378903
1125,0.101471,-505.984222,480.99826,1.0,1060.8569960786622,446.44072169378904
1126,0.102753,-506.05896,483.919098,1.0,1036.7416390786625,457.91932969378905
1127,0.100555,-506.026855,486.790649,1.0,1015.7662980786623,468.06373869378905
1128,0.109528,-505.945679,489.933594,1.0,987.4378060786622,465.66459869378906
1129,0.109497,-505.889954,493.095367,1.0,980.7924210786624,434.61702269378907
1130,0.10379,-505.904785,496.110748,1.0,987.7499400786622,424.34294369378904
1131,0.102295,-505.998932,499.095978,1.0,995.1992810786622,458.636919693789
1132,0.107727,-506.169922,502.252167,1.0,1000.0802620786623,452.26301869378904
1133,0.106262,-506.374847,505.377899,1.0,1004.2511610786622,422.52647669378905
1134,0.106415,-506.572052,508.523438,1.0,1015.5806290786624,421.57130669378904
1135,0.108246,-506.728119,511.740631,1.0,1063.9835830786624,430.15269769378904
1136,0.101532,-506.819061,514.776123,1.0,644.0724500786623,-167.09547130621095
1137,0.100952,-506.855682,517.8078,1.0,1071.8787240786623,348.86738869378905
1138,0.102356,-506.846069,520.897095,1.0,1062.6500870786622,408.39290069378904
1139,0.101837,-506.799042,523.982178,1.0,1036.3214730786622,355.67302169378905
1140,0.101898,-506.720612,527.082336,1.0,952.4860240786624,472.42842369378906
1141,0.103485,-506.609589,530.242004,1.0,951.5303360786623,391.62193569378906
1142,0.105011,-506.460999,533.460938,1.0,1088.1594860786622,195.14578469378904
1143,0.106018,-506.268799,536.722351,1.0,1088.1594860786622,195.14578469378904
1144,0.106567,-506.028595,540.011536,1.0,1088.1594860786622,195.14578469378904
1145,0.105927,-505.744202,543.291138,1.0,1088.1594860786622,195.14578469378904
1146,0.106293,-505.421356,546.590759,0.0,-70.16363392133769,15.801897693789044
1147,0.103699,-505.080811,549.820801,1.0,1031.0999160786623,305.49495169378906
1148,0.10202,-504.730316,553.008972,1.0,974.6150530786623,425.14848569378904
1149,0.102264,-504.369019,556.215271,1.0,976.8401500786623,477.70872769378906
1150,0.108398,-503.977264,559.62561,1.0,975.0132460786623,490.67561569378904
1151,0.110687,-503.566559,563.12085,1.0,975.3019420786624,497.57750169378903
1152,0.100586,-503.185394,566.307922,1.0,979.4505020786622,488.803484693789
1153,0.107117,-502.782166,569.713867,1.0,950.3085340786623,462.976549693789
1154,0.109253,-502.387482,573.202393,1.0,942.9564220786623,451.85759269378906
1155,0.108124,-502.025818,576.670044,1.0,941.6816420786623,450.414232693789
1156,0.105713,-501.712799,580.077148,1.0,954.0479140786623,458.00850169378907
1157,0.108032,-501.444397,583.574097,1.0,969.1752330786622,457.68910469378903
1158,0.100464,-501.245514,586.840759,1.0,969.2586070786623,451.8586906937891
1159,0.110229,-501.084473,590.439209,1.0,959.8987440786624,442.76661969378904
1160,0.109558,-500.982056,594.029602,1.0,979.5296030786623,444.27775869378905
1161,0.108826,-500.937042,597.608948,1.0,993.1809700786622,430.19499469378906
1162,0.101105,-500.945862,600.944702,1.0,929.3928850786623,435.22282669378905
1163,0.100739,-501.018799,604.275818,1.0,938.0228890786623,414.53908069378906
1164,0.105988,-501.192932,607.787659,1.0,945.7871110786623,417.67793569378904
1165,0.106873,-501.493134,611.33136,1.0,962.1321420786622,403.02882669378903
1166,0.110504,-501.947327,614.989502,1.0,1011.7581190786624,393.71657069378904
1167,0.100983,-502.47226,618.326904,1.0,1034.3478410786624,413.23344669378906
1168,0.105682,-503.106476,621.815552,1.0,1052.618470078662,443.502214693789
1169,0.103058,-503.822418,625.200134,1.0,1111.5138560786622,367.94038669378904
1170,0.111237,-504.727997,628.816772,1.0,1149.6384900786625,363.85795869378904
1171,0.105286,-505.711426,632.204102,1.0,1191.2319960786622,366.96339669378904
1172,0.107147,-506.74057,635.648682,1.0,1146.6067520786623,382.58888469378905
1173,0.103882,-507.648773,639.006531,1.0,1158.9736950786623,371.49849169378905
1174,0.104919,-508.354919,642.418823,1.0,1126.1149300786624,355.94560469378905
1175,0.103943,-508.883606,645.820679,1.0,1120.9330460786623,398.55681069378903
1176,0.1026,-509.273621,649.166565,1.0,1069.4738170786623,383.02940669378904
1177,0.100586,-509.506683,652.445374,1.0,1039.9398820786623,387.72081269378907
1178,0.101562,-509.586273,655.758606,1.0,1029.6290910786624,382.754198693789
1179,0.100708,-509.507751,659.035461,1.0,985.1127330786622,395.7690606937891
1180,0.108551,-509.261261,662.546692,1.0,933.1431900786623,403.64869969378907
1181,0.106995,-508.869873,665.989685,1.0,982.2938860786622,400.586107693789
1182,0.10849,-508.32486,669.452637,1.0,962.2194230786623,422.45625569378905
1183,0.110199,-507.628265,672.941345,1.0,922.1938490786623,446.55018869378904
1184,0.109344,-506.818298,676.391968,1.0,900.4210220786623,453.739428693789
1185,0.108459,-505.963684,679.80957,1.0,840.4395150786623,444.17180169378906
1186,0.109192,-505.060272,683.25116,1.0,801.8445450786623,406.613237693789
1187,0.107208,-504.157715,686.641663,1.0,891.8260510786623,425.60948469378906
1188,0.109985,-503.264618,690.142334,1.0,888.4814470786623,436.265703693789
1189,0.108582,-502.470886,693.629456,1.0,850.3086560786624,461.683886693789
1190,0.107788,-501.80542,697.126282,1.0,868.9873060786623,430.4368156937891
1191,0.107849,-501.27774,700.657715,1.0,914.1229870786623,462.94679469378906
1192,0.109589,-500.877228,704.275635,1.0,883.7855850786623,417.71666169378904
1193,0.110199,-500.602081,707.937317,1.0,848.9750380786624,405.68608369378904
1194,0.101532,-500.443329,711.325073,1.0,1356.6818250786623,130.32085669378904
1195,0.110199,-500.349609,715.014526,1.0,1389.274720078662,141.00773069378903
1196,0.111237,-500.307648,718.749939,1.0,1068.4599010786624,332.615892693789
1197,0.109314,-500.28653,722.431335,1.0,1015.9691780786624,484.068926693789
1198,0.100494,-500.262207,725.823425,1.0,1032.0321670786625,517.611010693789
1199,0.101257,-500.193726,729.228333,1.0,1131.9686900786623,496.49040469378906
1200,0.110962,-499.998077,732.931641,1.0,1131.0895400786621,479.39876069378903
1201,0.108459,-499.641602,736.512756,1.0,1104.2394420786623,459.91905469378906
1202,0.109039,-499.104279,740.062805,1.0,1099.2335830786624,426.357470693789
1203,0.104492,-498.433502,743.396973,1.0,1064.0829480786624,421.75529769378903
1204,0.108154,-497.610138,746.742432,1.0,1061.6973280786624,410.26448269378903
1205,0.105988,-496.690125,749.898743,1.0,1028.4712540786622,380.85316769378903
1206,0.105988,-495.674103,752.939331,1.0,1014.2743540786622,385.87959569378904
1207,0.105194,-494.575256,755.846863,1.0,992.0861220786622,376.85432669378906
1208,0.104584,-493.398651,758.623413,1.0,992.6006480786624,370.15944169378906
1209,0.100433,-492.187897,761.172668,1.0,970.5415660786624,368.39683769378905
1210,0.100922,-490.882416,763.625122,1.0,908.6873180786623,239.07934869378906
1211,0.101044,-489.489288,765.967896,1.0,931.1584490786623,208.46626569378904
1212,0.100708,-488.051544,768.198059,1.0,910.5371110786623,207.96707369378905
1213,0.110077,-486.438904,770.480347,1.0,1001.8167130786622,299.32078769378904
1214,0.104218,-484.855835,772.495544,1.0,1016.1818250786622,333.66356169378906
1215,0.109039,-483.136353,774.451416,1.0,1019.9976210786623,346.49757669378903
1216,0.105072,-481.431396,776.207947,1.0,992.0787980786623,320.60469269378905
1217,0.105225,-479.697357,777.856018,1.0,1069.3674940786623,324.356707693789
1218,0.104218,-477.97525,779.37738,1.0,1060.3248910786624,335.16227969378906
1219,0.100433,-476.322479,780.720642,1.0,1086.9763810786621,295.92885069378906
1220,0.107056,-474.561707,782.054688,1.0,1082.4118050786624,303.91005169378906
1221,0.104279,-472.854858,783.302979,1.0,1042.1876840786622,323.10862969378906
1222,0.102417,-471.212708,784.410095,1.0,1227.2327280786621,312.43315369378905
1223,0.102295,-469.579163,785.356873,1.0,1265.3650530786622,161.62188969378906
1224,0.10379,-467.889618,786.171936,1.0,1330.652772078662,52.304373693789046
1225,0.104675,-466.20282,786.856201,1.0,1355.6010140786625,111.42509669378904
1226,0.105408,-464.547089,787.448181,1.0,1086.9064340786622,399.50715869378905
1227,0.105194,-462.947418,787.962341,1.0,1091.1487440786623,433.56450169378905
1228,0.107513,-461.369659,788.417236,1.0,1033.6891490786625,276.22169769378905
1229,0.1073,-459.848907,788.789978,1.0,927.9140640786624,184.54086569378904
1230,0.109131,-458.352417,789.065796,1.0,1039.2493300786623,405.25538869378903
1231,0.109894,-456.896912,789.230103,1.0,975.8397840786623,296.67625669378907
1232,0.109039,-455.511597,789.286316,1.0,968.3007210786624,287.365282693789
1233,0.107941,-454.200897,789.259155,1.0,908.4104630786624,316.19874869378907
1234,0.106873,-452.969666,789.169739,1.0,956.8493050786623,330.61131569378904
1235,0.103485,-451.844238,789.028992,1.0,917.2625740786623,368.92372369378904
1236,0.102356,-450.789612,788.831299,1.0,1137.7528700786625,383.47032469378905
1237,0.109863,-449.715027,788.539185,1.0,1111.6915910786624,381.84309669378905
1238,0.101562,-448.773102,788.183411,1.0,1073.5819710786623,384.07942469378906
1239,0.101257,-447.887878,787.741394,1.0,1050.9673470786624,384.812670693789
1240,0.104797,-447.032806,787.192383,1.0,998.0276500786623,368.605852693789
1241,0.103485,-446.255707,786.565369,1.0,955.5623180786623,374.15104969378905
1242,0.108124,-445.522156,785.828979,1.0,1277.8121960786625,-140.63853230621095
1243,0.104858,-444.894623,785.044373,1.0,1277.8121960786625,-140.63853230621095
1244,0.111115,-444.324463,784.146301,1.0,1277.8121960786625,-140.63853230621095
1245,0.109772,-443.864899,783.211121,1.0,1277.8121960786625,-140.63853230621095
1246,0.102478,-443.547882,782.284851,1.0,942.6526500786623,351.88972769378904
1247,0.101501,-443.316895,781.328491,1.0,915.8306900786623,434.0815606937891
1248,0.103546,-443.16571,780.31366,1.0,888.7258920786624,389.47865569378905
1249,0.108704,-443.066528,779.228821,1.0,843.9004530786623,411.98131069378906
1250,0.106842,-443.060455,778.174866,1.0,795.4240740786623,433.19944969378906
1251,0.102448,-443.103668,777.174622,1.0,775.0135510786623,409.07969969378905
1252,0.101196,-443.171631,776.205078,1.0,752.8073130786623,379.403917693789
1253,0.103302,-443.269958,775.192505,1.0,905.6459360786623,428.399797693789
1254,0.102448,-443.349121,774.148743,1.0,871.5401620786623,394.27638469378905
1255,0.100433,-443.377594,773.11853,1.0,908.6920180786623,379.92824069378906
1256,0.105896,-443.327026,772.051086,1.0,823.7567150786623,339.194445693789
1257,0.107391,-443.168518,771.007507,1.0,868.2963270786623,334.73121869378906
1258,0.100281,-442.917938,770.079773,1.0,870.1044320786623,353.27940669378904
1259,0.104034,-442.560516,769.175598,1.0,829.1345840786623,314.442461693789
1260,0.102051,-442.127747,768.354187,1.0,811.3509530786623,391.29915069378904
1261,0.100464,-441.635895,767.61438,1.0,886.2757580786623,300.65715269378904
1262,0.110687,-441.03537,766.886414,1.0,906.6477670786624,378.63231169378906
1263,0.103699,-440.432709,766.296936,1.0,908.1652230786623,238.51832869378904
1264,0.100891,-439.81485,765.835144,1.0,883.8852550786623,244.33481069378905
1265,0.107147,-439.135376,765.444031,1.0,422.4024980786623,292.84993269378907
1266,0.107269,-438.445862,765.13208,1.0,450.49206707866233,353.36061369378905
1267,0.105377,-437.774384,764.899231,1.0,559.1160900786623,281.344164693789
1268,0.106506,-437.110321,764.755798,1.0,741.7736220786624,309.94490269378906
1269,0.10437,-436.485748,764.706909,1.0,780.1317760786623,369.47007969378905
1270,0.106628,-435.888062,764.74054,1.0,825.9169930786624,363.57606769378907
1271,0.10199,-435.364349,764.845093,1.0,871.2210100786623,354.24461669378906
1272,0.105072,-434.870178,765.019958,1.0,887.1980600786624,333.210497693789
1273,0.103912,-434.41391,765.258484,1.0,355.4436960786623,278.96104669378906
1274,0.109192,-433.946259,765.552002,1.0,318.22146707866233,345.35457069378907
1275,0.10553,-433.529938,765.871155,1.0,362.0919200786623,303.582231693789
1276,0.108032,-433.143433,766.226318,1.0,1037.3212290786623,393.80095169378905
1277,0.105377,-432.787567,766.575867,1.0,1073.5198380786624,411.72496269378905
1278,0.10968,-432.424561,766.944153,1.0,1096.949647078662,436.89363369378907
1279,0.10675,-432.074249,767.314087,1.0,1356.2606820786623,483.983416693789
1280,0.107666,-431.722107,767.691528,1.0,1437.9414690786625,603.824724693789
1281,0.10495,-431.379364,768.052612,1.0,1443.5028700786625,516.4249746937891
1282,0.110596,-431.017303,768.417664,1.0,1046.4063120786623,323.25001769378906
1283,0.10498,-430.670197,768.745728,1.0,1011.2473770786622,324.88093869378906
1284,0.104309,-430.31897,769.05304,1.0,1053.333925078662,309.26344569378904
1285,0.106567,-429.951904,769.345703,1.0,1008.0331430786624,315.65300269378906
1286,0.108887,-429.568756,769.620605,1.0,911.0441300786623,303.78825669378904
1287,0.104645,-429.194458,769.861572,1.0,945.0010390786623,275.50920369378906
1288,0.10788,-428.804565,770.087585,1.0,1288.7317520786623,199.18681569378904
1289,0.106415,-428.417572,770.289856,1.0,1318.123964078662,195.36334469378903
1290,0.107391,-428.025726,770.475525,1.0,1355.3126840786622,293.924089693789
1291,0.105286,-427.641418,770.640808,1.0,1286.9259660786624,393.46992769378903
1292,0.107208,-427.251892,770.792175,1.0,1308.958925078662,395.51567369378904
1293,0.105927,-426.873444,770.92395,1.0,1296.8976450786622,416.15574869378906
1294,0.103882,-426.515472,771.034546,1.0,1254.8850720786622,408.54759469378905
1295,0.102844,-426.183136,771.124634,1.0,1225.0491350786624,399.97120969378904
1296,0.103119,-425.882965,771.195496,1.0,936.9255990786623,313.29768669378905
1297,0.105103,-425.618622,771.249756,1.0,951.4913950786623,320.073992693789
1298,0.108521,-425.397675,771.289429,1.0,1052.8501600786622,316.08708469378905
1299,0.109711,-425.233337,771.315857,1.0,1214.6011370786623,354.76756569378904
1300,0.100189,-425.136749,771.330322,1.0,1193.0100720786622,373.64235169378907
